followers_count,friends_count,favorites_count,statuses_count,default_profile,default_profile_image,verified,bot
1291,0,0,78554,1,0,0,1
1,349,38,31,1,0,0,1
1086,0,0,713,1,0,0,1
33,0,0,676,1,1,0,1
11,745,146,185,0,0,0,1
1,186,0,11,1,0,0,1
193,0,0,6068,0,0,0,1
8227,2,26,2597,1,0,0,1
275,0,23,9922,0,0,0,1
51,3,0,2515,1,0,0,1
51,1,0,111,0,0,0,1
2,1,0,230,1,1,0,1
0,29,0,0,1,1,0,1
1,206,0,0,1,1,0,1
0,38,0,0,1,1,0,1
109,0,0,16067,1,0,0,1
250,0,0,31721,1,0,0,1
15,1941,319,406,0,0,0,1
190,1899,27,0,1,1,0,1
181,0,0,21506,1,1,0,1
10175,11465,328,65022,1,0,0,1
23,4,4,6230,0,0,0,1
106126,0,2,30156,1,0,0,1
2302,3,4,7640,0,0,0,1
443,2,6,9584,0,0,0,1
27,1,0,145,1,0,0,1
191,2,0,5684,0,0,0,1
1,35,54,82,1,0,0,1
651,0,0,19867,0,0,0,1
37,45,0,191,0,0,0,1
331,56,23,29989,1,0,0,1
1327,2,0,24199,1,0,0,1
0,52,0,0,1,1,0,1
54,0,2,1585,1,0,0,1
4247,2,587,109325,0,0,0,1
0,54,7,18,1,1,0,1
163,2,64,552492,1,0,0,1
32,1,0,6181,1,0,0,1
903,1,0,3654,0,0,0,1
108,10,10,537,0,0,0,1
190,1,1,4032,0,0,0,1
675,118,8,15437,0,0,0,1
1,340,33,49,1,0,0,1
89,1225,2,2,1,0,0,1
1076,0,0,12674,0,0,0,1
399,679,64,26073,0,0,0,1
394,3537,46,349,0,0,0,1
4,96,3,0,1,1,0,1
0,140,2,12,1,1,0,1
1334,0,7,59023,1,0,0,1
36,1,0,510,1,1,0,1
8,1,0,29,0,0,0,1
1451,1,0,15020,0,0,0,1
1807,101,124,125403,0,0,0,1
1,63,0,1,1,1,0,1
82,49,0,16728,0,0,0,1
2,20,66,127,1,0,0,1
0,25,56,73,1,0,0,1
78,1,0,4438,0,0,0,1
403,6,1,12395,0,0,0,1
7324,456,5109,3334,0,0,1,1
68,0,1,25193,1,0,0,1
108,1,0,19770,1,0,0,1
120,0,0,5614,1,0,0,1
0,330,21,29,1,0,0,1
0,22,71,100,1,0,0,1
15,19,0,19,0,0,0,1
23,0,0,63,0,0,0,1
127,180,76087,12702,0,0,0,1
175986,14914,1,18839,1,0,0,1
731,1,0,2576,1,0,0,1
182,0,0,433,1,0,0,1
123,0,0,29410,1,0,0,1
1287,1,0,62797,1,0,0,1
110,1797,12,4,1,0,0,1
9,0,0,1412,0,0,0,1
102437,3,0,13953,0,0,0,1
4,350,4,6,1,0,0,1
1,44,66,78,1,0,0,1
281,5,1,22739,1,0,0,1
104669,5438,385,7897,0,0,0,1
23472,2,120,59327,1,0,0,1
43,1,4,26955,1,0,0,1
11,74,0,1,1,0,0,1
928,0,0,71773,1,0,0,1
63,2,1,2672,1,0,0,1
71,2,1,644,1,0,0,1
131,2,0,4499,1,0,0,1
171,4,1,8808,0,0,0,1
6859,5458,73498,46537,1,0,0,1
3730,21,155,306026,0,0,0,1
4,244,10,17,1,0,0,1
277,4887,1,41,1,0,0,1
31,23,2,170,1,0,0,1
1078,0,0,2,0,0,0,1
8,0,0,123,1,0,0,1
14,3,0,13752,1,0,0,1
9978,10829,681,862,1,0,0,1
0,32,69,93,1,0,0,1
204,1,0,7491,0,0,0,1
20,9,0,2311,1,0,0,1
109,153,25,24,1,0,0,1
539,10,5,212479,1,0,0,1
227,292,0,12,1,1,0,1
105,4,0,1571,0,0,0,1
1022,0,0,403392,0,0,0,1
33,1526,1,1,1,0,0,1
4,19,0,0,1,1,0,1
1,342,41,43,1,0,0,1
0,310,17,27,1,0,0,1
1,420,88,80,1,0,0,1
0,346,14,28,1,0,0,1
23,0,0,376,0,0,0,1
254,16,43,13695,0,0,0,1
20,9,0,445,1,0,0,1
516,0,0,4145,1,0,0,1
5,464,78,88,1,0,0,1
447990,487927,4055,107503,0,0,0,1
1,338,26,30,1,0,0,1
255,1,0,12821,1,0,0,1
16,1862,285,392,0,0,0,1
268,99,0,5099,1,0,0,1
742,38,3,367778,1,0,0,1
61,31,0,627,1,0,0,1
105,1,9,570,0,0,0,1
26,35,9,9117,0,0,0,1
13,1,0,1035,0,0,0,1
7724,22,9,16682,1,0,0,1
38413,2,2722,146227,0,0,0,1
124,158,55,3597,0,0,0,1
142,14,0,26,1,0,0,1
434,0,0,3033,0,0,0,1
9,462,84,72,1,0,0,1
44,0,5,1220,1,1,0,1
505,3673,745,595,1,0,0,1
67078,0,0,12064,0,0,0,1
19048,2,7,220592,1,0,0,1
69508,70633,109,423314,0,0,0,1
0,100,0,0,1,1,0,1
30,0,0,1560,1,0,0,1
1,116,0,1,1,1,0,1
0,34,37,61,1,0,0,1
261,1,1,4776,0,0,0,1
1058,1,0,7678,1,0,0,1
15,1,2,75,1,0,0,1
14,0,2,3422,0,0,0,1
2,106,0,1,1,1,0,1
344,24,1,161,1,0,0,1
78,221,261,1953,0,0,0,1
21,19,0,1160,1,0,0,1
12,33,47,65,1,0,0,1
669,7,9396,21522,0,0,0,1
0,34,0,0,1,1,0,1
324,0,0,6664,0,0,0,1
283,443,4021,2864,1,1,0,1
95,3,0,2464,0,0,0,1
571,15,1,1181,1,0,0,1
20,1827,312,387,0,0,0,1
3,523,87,113,1,0,0,1
16,25,1,150,0,0,0,1
782,0,0,276,1,0,0,1
6,0,0,241,0,0,0,1
187,1,1,10881,0,0,0,1
659,806,1,9565,1,0,0,1
9,89,0,4,1,1,0,1
40,0,0,884,1,0,0,1
2,350,32,34,1,0,0,1
1,365,29,25,1,0,0,1
160,3,1,4080,1,0,0,1
972,43,253,7460,0,0,0,1
34,22,0,19078,1,0,0,1
176,5,0,5685,1,0,0,1
156,1,0,22280,0,0,0,1
736,3482,22,681,1,0,0,1
2,323,40,34,1,0,0,1
76,0,0,183,1,0,0,1
970,1642,145,976,0,0,0,1
32,0,0,1038,0,0,0,1
762,317,293,40206,0,0,0,1
231,0,0,622,1,0,0,1
7,664,157,187,1,0,0,1
531,1,0,25992,1,0,0,1
23,0,2,99,1,0,0,1
3,49,4,1,1,1,0,1
139,7,3,497,0,0,0,1
66,601,25,1697,0,0,0,1
693,386,18,3271,1,0,0,1
3,57,0,1,1,0,0,1
0,60,0,0,1,1,0,1
55,1,0,1841755,1,0,0,1
64,32,2,4269,1,0,0,1
102,2,0,51833,1,0,0,1
0,290,30,35,1,0,0,1
1214,2573,967,415,0,0,0,1
18,3,0,1817,1,0,0,1
255,5,0,288,0,0,0,1
72,0,0,2233,1,0,0,1
253,57,9,36435,1,0,0,1
0,346,30,39,1,0,0,1
244,0,0,14990,1,0,0,1
20,1,0,1578,0,0,0,1
0,68,0,1,1,0,0,1
1929,2753,1843,10337,0,0,0,1
660,0,0,4773,1,0,0,1
358,1,1,42988,1,0,0,1
1,259,14,33,1,0,0,1
25,897,38,20,1,1,0,1
2,97,0,0,1,1,0,1
1056,1576,55901,87824,1,0,0,1
17504,0,0,27782,0,0,0,1
12,2034,333,476,0,0,0,1
68,1,1,401,1,0,0,1
12,0,0,156,1,0,0,1
6027,0,2,116980,0,0,0,1
3947,4728,70947,91770,0,0,0,1
25,1935,267,368,0,0,0,1
3,519,97,107,1,0,0,1
3,6,16,17,1,1,0,1
560,0,0,17873,0,0,0,1
0,30,39,60,1,0,0,1
12,1,0,692,1,0,0,1
4,259,12,12,1,0,0,1
0,100,0,0,1,1,0,1
17,500,1,4,1,0,0,1
49,1537,0,1,1,0,0,1
638,60,1,4647,1,0,0,1
21172,20058,0,80502,1,0,0,1
547,650,1,6857,1,0,0,1
0,34,55,71,1,0,0,1
116,1,1,1031,0,0,0,1
194,3,0,5652,1,0,0,1
12368,0,34,587,0,0,0,1
2682,403,6309,72033,1,0,0,1
176,2,0,23319,1,1,0,1
160,12,0,14279,1,0,0,1
18,0,0,1590,0,0,0,1
35,1,0,4402,1,0,0,1
5,714,124,189,1,0,0,1
1829,8,62,27851,1,0,0,1
1,262,25,28,1,0,0,1
0,26,39,57,1,0,0,1
152,0,0,3301,1,0,0,1
24,2000,273,315,0,0,0,1
162,0,0,20469,1,0,0,1
62,0,0,166,1,0,0,1
107,334,19,5394,1,0,0,1
0,231,17,20,1,0,0,1
509,35,0,10551,0,0,0,1
288,1,0,3427,1,0,0,1
117,353,7,2853,0,0,0,1
198,2,1,11675,0,0,0,1
2,12,202,0,1,1,0,1
873,8,0,20734,1,0,0,1
99,0,0,75,0,0,0,1
134,0,0,7597,0,0,0,1
15,1,0,5017,1,0,0,1
4,47,0,1,0,0,0,1
145,1,0,6758,1,0,0,1
19,1952,290,420,0,0,0,1
1,236,25,24,1,0,0,1
41,1,0,3048,0,0,0,1
1,80,0,1,1,0,0,1
1229,83,21,614,0,0,0,1
1,341,33,42,1,0,0,1
167,5,0,607,1,0,0,1
1129,7,0,23557,0,0,0,1
0,22,0,1,1,1,0,1
3,0,0,1050,1,0,0,1
505,13,0,5109,0,0,0,1
15,0,0,31365,1,0,0,1
16,1,0,1832,0,0,0,1
41,394,3,4,1,0,0,1
549,370,12,4658,0,0,0,1
0,60,0,10,1,0,0,1
0,43,48,86,1,0,0,1
102,3,0,10873,1,0,0,1
578,17,0,5234,0,0,0,1
1,34,68,98,1,0,0,1
1456,12,4,72096,0,0,0,1
0,1,0,0,0,0,0,1
14,253,2,0,1,0,0,1
506,11,5,41052,1,0,0,1
307,0,1,423,0,0,0,1
518,5,0,94196,1,0,0,1
0,118,0,0,1,1,0,1
1,4,22,4,1,1,0,1
50,2,0,1228,1,0,0,1
3,336,29,39,1,0,0,1
394,0,0,7956,1,0,0,1
428,410,630,16989,1,0,0,1
630,4,96,15036,0,0,0,1
928,20,7,3421,1,0,0,1
44,5,3,2396,1,0,0,1
20,0,0,50,1,0,0,1
5831,57,16,457649,0,0,0,1
26,0,0,6832,1,0,0,1
10014,27,0,14473,0,0,0,1
8939,6003,710,5846,1,0,0,1
2,386,28,41,1,0,0,1
467,956,261,5748,0,0,0,1
94,1,0,2383,0,0,0,1
6664,1,0,6025,1,0,0,1
0,335,24,32,1,0,0,1
4,0,0,1469,0,0,0,1
37,35,0,9,1,0,0,1
0,247,28,24,1,0,0,1
14,214,0,3,1,0,0,1
537,1,0,281,1,0,0,1
284,66,0,5986,1,0,0,1
0,27,38,60,1,0,0,1
80,0,0,10794,1,0,0,1
120,836,1,8,1,0,0,1
293,344,0,8638,0,0,0,1
243,4,0,69595,1,0,0,1
18,3,1,1456,1,0,0,1
79,80,23,901,0,0,0,1
576,31,8,2370,1,0,0,1
2,42,29,39,1,0,0,1
0,349,42,77,1,0,0,1
21,0,0,1343,1,0,0,1
16,1,1,2001,1,0,0,1
239,0,0,22089,1,0,0,1
9968,2,3399,8782,0,0,0,1
0,223,24,24,1,0,0,1
8,86,12,3,1,1,0,1
906,2434,277,528,1,0,0,1
1,352,29,33,1,0,0,1
1419,1,5,32244,0,0,0,1
39,0,1,303,1,0,0,1
835,2290,74533,17259,1,0,0,1
2,360,27,60,1,0,0,1
856,1078,0,130262,1,0,0,1
240,45,66,1993,0,0,0,1
4213,0,0,4364,0,0,0,1
77,490,1,15,0,0,0,1
0,336,23,23,1,0,0,1
172,5,5,3497,0,0,0,1
213,0,0,1063,1,0,0,1
379,12,0,22371,0,0,0,1
335,0,1,17375,0,0,0,1
102,86,0,1,1,0,0,1
52,0,0,93310,1,0,0,1
5631,6,48,6574,0,0,0,1
10,15,13,3,1,0,0,1
66,1,4,70,0,0,0,1
4965,0,1,67870,0,0,0,1
14917,227,919,53398,0,0,0,1
20,0,0,42453,1,0,0,1
803,31,0,808,0,0,0,1
164,0,51,2714,1,0,0,1
17,1,0,1522,1,0,0,1
9,0,0,6,1,0,0,1
9632,0,0,13936,0,0,0,1
0,86,0,0,1,1,0,1
6,109,0,2,1,1,0,1
1784,43,5,389,0,0,0,1
79,0,5,4007,0,0,0,1
96,29,0,195,1,0,0,1
600,818,651,1787,0,0,0,1
52,2,0,702,1,0,0,1
184,0,0,1125,1,0,0,1
945,2027,2847,13935,0,0,0,1
67,0,0,886,1,0,0,1
1,29,48,72,1,0,0,1
338,471,35,260,0,0,0,1
2925,3,0,708,1,0,0,1
10,0,0,10370,0,0,0,1
47,197,62,1,1,0,0,1
54,1351,2,6,1,0,0,1
0,9,0,0,1,1,0,1
209,16,0,21278,0,0,0,1
335,3,2,4934,0,0,0,1
1,369,28,36,1,0,0,1
62,0,0,4106,1,1,0,1
155,0,0,14702,1,0,0,1
125,1,0,3201,1,0,0,1
499,53,75,2592,1,0,0,1
2,1,0,1360,1,0,0,1
70,5,2,4310,1,0,0,1
305,4,0,112538,1,1,0,1
956,0,0,434,1,0,0,1
543,3911,141,0,1,0,0,1
37,0,0,0,1,0,0,1
13,164,0,5,1,0,0,1
107,30,2,11151,0,0,0,1
34284,17397,0,191383,0,0,0,1
273,37,0,10115,1,0,0,1
8,45,3,5,1,0,0,1
3459,2282,3888,57256,0,0,0,1
275,1,1,1961,0,0,0,1
1325,1797,0,18265,0,0,0,1
1690,0,108,15530,1,0,0,1
0,21,0,1,1,1,0,1
71,0,0,1490,1,0,0,1
2,501,102,130,1,0,0,1
4856,2162,0,1223,0,0,0,1
354,1,0,29635,1,0,0,1
0,39,0,0,1,0,0,1
455,480,42,6320,1,0,0,1
1,341,44,36,1,0,0,1
0,243,13,18,1,0,0,1
128,1814,7,18,1,1,0,1
3,39,0,3,1,1,0,1
151,1437,1,5,1,0,0,1
137,0,0,86797,0,0,0,1
2108,3,8,49270,0,0,0,1
153,0,0,2072,1,0,0,1
0,27,86,127,1,0,0,1
41,1,0,673,1,0,0,1
460,65,14,9058,1,0,0,1
1569,4882,95,112,1,0,0,1
7852,1,8,27610,1,0,0,1
50,0,0,926,1,1,0,1
74,7,1,80949,1,0,0,1
2108,1,2,5619,0,0,0,1
0,266,22,35,1,0,0,1
1474799,1,1793,20990,0,0,0,1
396,0,0,3608,1,0,0,1
166,25,0,3622,0,0,0,1
5388,0,0,31751,0,0,0,1
8,1,0,258,0,0,0,1
8063,1,42,119,1,0,0,1
148,0,0,1723,0,0,0,1
7154703,240,640,5995,0,0,1,1
9,484,87,109,1,0,0,1
47,1,0,2610,1,0,0,1
3,38,3,5,1,1,0,1
13,5,0,10693,0,0,0,1
1655947,0,124,480858,0,0,0,1
2149,1,0,3741,1,0,0,1
1,261,24,21,1,0,0,1
646,1221,25654,26729,0,0,0,1
18672,0,0,18270,0,0,0,1
16,1,0,1237,1,0,0,1
14,1978,289,426,0,0,0,1
4,102,2,0,1,0,0,1
280,48,3,4722,0,0,0,1
147,0,0,1388,1,0,0,1
20,0,0,5131,0,0,0,1
918,0,2,92849,1,0,0,1
12,64,0,7,1,0,0,1
1381,0,0,1292,1,0,0,1
4948,296,17,41190,0,0,0,1
27,2257,288,323,0,0,0,1
0,30,0,0,1,1,0,1
0,18,0,0,1,1,0,1
0,44,73,106,1,0,0,1
2,51,75,125,1,0,0,1
213,213,0,5988,0,0,0,1
189,366,1,36,1,0,0,1
166,1,0,17017,0,0,0,1
136,1,5,34446,0,0,0,1
100,1,257,6605,1,0,0,1
98,274,1,37,0,0,0,1
90,1,4,6703,1,0,0,1
7,0,0,5669,0,0,0,1
292,1,0,1958,0,0,0,1
4198,3,15,158639,1,0,0,1
60,0,0,1476,1,0,0,1
1,74,0,1,1,1,0,1
4355,2,3,26381,0,0,0,1
74,0,0,4415,1,0,0,1
3,270,19,22,1,0,0,1
3,631,115,177,1,0,0,1
9,93,0,8,1,0,0,1
263,13,0,452,0,0,0,1
8,0,0,528,1,0,0,1
30,564,5,22,1,0,0,1
5528,117,71,5201,0,0,0,1
1,495,87,97,1,0,0,1
274,2,21,15340,1,0,0,1
1640,26,14,19151,0,0,0,1
689,4,1,46115,0,0,0,1
647,0,3,75704,1,0,0,1
1870,4,3,16468,1,0,0,1
2,316,22,31,1,0,0,1
3523,2726,32,18407,0,0,0,1
0,10,56,79,1,0,0,1
2,362,34,39,1,0,0,1
33,13,0,1136,1,1,0,1
7,30,0,2,1,0,0,1
570,0,1,5096,0,0,0,1
993,4992,8,108,0,0,0,1
3153,103,0,288368,1,0,0,1
209,578,29,130,1,0,0,1
15659,0,0,849518,1,0,0,1
17,1926,279,369,0,0,0,1
99,563,1,46,1,0,0,1
34,1,0,41492,0,0,0,1
0,37,0,0,1,1,0,1
492,14,1,107,0,0,0,1
69,1513,0,1,1,0,0,1
6,0,0,1066,1,0,0,1
43536,1,1,104405,0,0,0,1
712,623,1423,38905,0,0,0,1
153,0,0,144271,1,1,0,1
119,0,0,1761,1,0,0,1
9,1,0,2983,0,0,0,1
41,8,0,2,1,0,0,1
213,0,0,5685,1,0,0,1
463,14,4,2754,1,0,0,1
17,215,0,1,1,0,0,1
90,22,0,29724,1,0,0,1
93,95,0,23391,0,0,0,1
20,1867,286,397,0,0,0,1
153,2,3,391,1,0,0,1
119,1,0,18719,0,0,0,1
27,1928,314,355,0,0,0,1
0,25,0,0,1,1,0,1
12,0,0,251,1,1,0,1
978,2104,3,114,0,0,0,1
575,0,6,4204,0,0,0,1
1,69,0,11,1,0,0,1
0,67,0,0,1,1,0,1
1514,4218,523,522,1,0,0,1
55,2,0,759,1,0,0,1
41056,304,1009,63307,0,0,0,1
2097,4,0,47707,0,0,0,1
2399,4936,319,5581,0,0,0,1
27728,65,452,16231,0,0,0,1
42,0,1,964,1,0,0,1
110,111,0,3609,0,0,0,1
4294,7,134,72621,0,0,0,1
0,264,11,20,1,0,0,1
340,0,0,188270,1,0,0,1
1902,3,11,95201,1,0,0,1
493,7,0,2964,0,0,0,1
39,0,0,208,0,0,0,1
190,657,39,594,0,0,0,1
557,3,11,440,0,0,0,1
1651,1,0,1599,1,0,0,1
202,8,0,2978,0,0,0,1
986,1,15734,30417,1,0,0,1
957,2826,3255,4413,0,0,0,1
3,343,37,41,1,0,0,1
0,148,7,17,1,0,0,1
372,4815,15,2,1,0,0,1
7503,0,1,108527,1,0,0,1
10407,11555,0,25783,0,0,0,1
1511,138,0,30161,0,0,0,1
29,1,0,105,1,0,0,1
253,0,0,40184,1,0,0,1
1174,19,23,1145,1,0,0,1
6805,88,0,3272,1,0,0,1
1,280,19,16,1,0,0,1
943,1,0,14074,1,0,0,1
79,0,0,40308,0,0,0,1
302,1,0,2953,0,0,0,1
10684,158,41,91,1,0,1,1
75,0,0,6414,1,0,0,1
158,2410,0,1,1,1,0,1
7,1,0,5856,0,0,0,1
1,387,33,44,1,0,0,1
101,1,0,1281,1,0,0,1
133,271,39,18,0,0,0,1
280,0,0,717,1,0,0,1
299,1,0,3855,0,0,0,1
3738,7,24,59713,1,0,0,1
4,0,0,127,1,0,0,1
1,41,154,1,1,1,0,1
180,4,2,5265,0,0,0,1
280,0,0,6413,1,0,0,1
36,1,0,3649,0,0,0,1
632,0,0,2822,1,0,0,1
1,30,98,106,1,0,0,1
371,5,1,70202,0,0,0,1
17,564,0,4,1,0,0,1
20,287,2,1,1,0,0,1
412,15,0,46926,0,0,0,1
533,0,0,7145,1,1,0,1
2623,5,409,3952,0,0,0,1
202,1,0,1678,1,0,0,1
98,24,2,3336,1,0,0,1
694,0,0,22368,1,0,0,1
168,2,0,12406,1,0,0,1
147,0,0,96,0,0,0,1
4087,1,1,3549,1,0,0,1
75,4,12,1770,0,0,0,1
8,669,133,177,1,0,0,1
237,1,0,27579,1,0,0,1
0,60,0,0,1,1,0,1
8,91,0,18,1,1,0,1
702,1359,0,94409,0,0,0,1
129,4,0,1168,1,0,0,1
292,2225,0,0,1,0,0,1
0,461,64,93,1,0,0,1
4,445,60,80,1,0,0,1
1,258,14,14,1,0,0,1
99,0,0,1665,0,0,0,1
66,2,0,432,1,0,0,1
752,0,86,21132,1,0,0,1
15,3,721,854,0,0,0,1
1902,94,5,21114,0,0,0,1
5744,3,2,105941,1,0,0,1
1,162,0,0,1,1,0,1
8,0,0,41,1,0,0,1
52,222,10,1,1,0,0,1
421,1636,0,4701,1,0,0,1
413,148,0,22,0,0,0,1
1479,3,19,32440,1,0,0,1
252,2,70,15823,0,0,0,1
163,206,12,502,1,0,0,1
3,30,0,1,1,0,0,1
65,0,0,10069,1,0,0,1
6766,3006,83,79860,0,0,0,1
1637,1770,2,66824,0,0,0,1
116,0,0,8421,1,0,0,1
24,712,2,22,1,1,0,1
239,344,0,9347,0,0,0,1
8073,1,0,29984,0,0,0,1
29,97,0,3,1,0,0,1
0,20,0,0,1,1,0,1
372,1136,1,46,0,0,0,1
6,0,0,2751,1,0,0,1
16748,41,20542,837,0,0,0,1
204,0,2,23502,0,0,0,1
12853,13,0,4874,1,0,0,1
16,3,1,119,0,0,0,1
592885,13699,3716,51157,0,0,1,1
36,0,1,394,0,0,0,1
392,0,0,1325,1,0,0,1
5476,385,4,5846,1,0,0,1
22,2107,297,387,0,0,0,1
3,230,23,25,1,0,0,1
2,352,23,44,1,0,0,1
51,0,0,13622,1,0,0,1
61,3,0,6000,0,0,0,1
3569,6,134,2459,0,0,0,1
2,262,13,19,1,0,0,1
11,201,26,5,1,0,0,1
1226,2636,25,664,0,0,0,1
1,455,72,121,1,0,0,1
57,1,0,79525,1,0,0,1
1211,1,0,160,1,0,0,1
0,338,32,35,1,0,0,1
0,98,0,2,1,1,0,1
131,1,0,1622,1,0,0,1
247,0,2,17811,0,0,0,1
85,13,1637,115,0,0,0,1
284,29,1,4865,1,0,0,1
5259,3881,83,545,0,0,0,1
176,16,4,5040,1,0,0,1
66,1,0,2989,1,0,0,1
36,0,0,416,1,0,0,1
633,43,76,1627,1,0,0,1
7,163,0,1,1,0,0,1
55,1343,0,0,1,1,0,1
5,505,90,114,1,0,0,1
5730,951,3634,16205,0,0,0,1
4956,7,100,2179,1,0,0,1
2,350,20,21,1,0,0,1
533,2,2,1056,1,0,0,1
8,725,172,191,0,0,0,1
98,8,2,3375,1,1,0,1
29,0,0,2839,0,0,0,1
2,14,1,1,1,1,0,1
461,95,0,115356,1,0,0,1
601,0,0,24135,0,0,0,1
912,1164,3951,23106,0,0,0,1
236,0,0,9719,0,0,0,1
85,4707,2,4,1,0,0,1
14491,134,2923,2497530,0,0,0,1
281,0,0,879,0,0,0,1
60,11,2,4882,1,0,0,1
10,1,0,787,0,0,0,1
174,6,0,1699,1,0,0,1
66,1801,0,30,1,0,0,1
148,0,0,12083,1,0,0,1
2047969,102396,860,67905,0,0,0,1
326,947,0,13,1,0,0,1
2,353,18,30,1,0,0,1
15,134,0,3,0,0,0,1
445,4997,109,83,0,0,0,1
369,1,0,318279,0,0,0,1
8392,30,1361,5730,0,0,0,1
20723,3,33,663,0,0,0,1
0,30,0,0,1,1,0,1
2800,3049,20941,17985,0,0,0,1
939,0,1,626,1,0,0,1
4896,8,57638,57640,0,0,0,1
1,331,15,29,1,0,0,1
500,0,0,5719,1,0,0,1
139,43,0,6345,0,0,0,1
5,0,0,424,0,0,0,1
1,498,103,102,1,0,0,1
30,0,0,11572,0,0,0,1
207,5,108,728,1,0,0,1
45,0,0,81,0,0,0,1
190,187,1,11079,0,0,0,1
38,113,1,1,1,0,0,1
197,0,0,684818,1,0,0,1
3,659,136,169,1,0,0,1
598,1,0,9684,1,0,0,1
88195,82994,892,1933,1,0,1,1
132,0,0,14516,1,0,0,1
2,25,44,88,1,0,0,1
187,4271,51,165,1,0,0,1
8,5,0,27,1,0,0,1
879,1,2426,1217604,1,0,0,1
12,0,2,8637,1,0,0,1
9,25,400,385,1,0,0,1
6,36,77,151,1,0,0,1
0,32,59,82,1,0,0,1
1,337,38,30,1,0,0,1
211,1,0,46816,1,0,0,1
113,0,0,25120,0,0,0,1
0,235,14,14,1,0,0,1
1810,1,24,35024,1,0,0,1
58,0,0,7839,1,0,0,1
86,28,127,211,0,0,0,1
17,4,0,228,1,1,0,1
14,593,1,4,1,0,0,1
12,742,148,175,0,0,0,1
35,2118,364,570,0,0,0,1
5,69,2,0,1,1,0,1
86,433,174,26,1,0,0,1
29,10,0,5197,1,0,0,1
1254,2,3,335950,1,0,0,1
36,0,879,467,1,0,0,1
252,6,11,236,1,0,0,1
2,52,87,128,1,0,0,1
0,308,21,24,1,0,0,1
52,1,0,15085,0,0,0,1
0,30,0,0,1,1,0,1
39,0,0,9729,1,0,0,1
1421,2157,166,169,0,0,0,1
1701,1,1,3105,1,0,0,1
0,20,0,0,1,1,0,1
17,0,0,1859,1,0,0,1
82,1,0,2087,1,0,0,1
1,398,31,61,1,0,0,1
10,168,18,4,1,0,0,1
69,1193,2,10,0,0,0,1
4,140,0,1,1,1,0,1
21,1880,305,454,0,0,0,1
292,0,0,40166,1,0,0,1
4419,1,12,10626,1,0,0,1
0,18,0,0,1,1,0,1
1786,2525,1,136932,0,0,0,1
148,1,0,178,0,0,0,1
286,0,0,94599,1,0,0,1
85,0,0,205,1,0,0,1
276,264,2,83013,0,0,0,1
206,124,0,4,1,0,0,1
81,1,0,2459,1,0,0,1
74704,1,5919,49429,0,0,0,1
212,2,0,8468,1,0,0,1
116,1,0,4659,1,0,0,1
371,1,2,3849,1,0,0,1
12,1053,0,2,1,0,0,1
156,2,4,7075,0,0,0,1
17,0,1,0,1,0,0,1
2482,1,4,5597,0,0,0,1
50,0,1,1557,1,0,0,1
404,621,12,1169,1,0,0,1
175,2,2,8843,1,0,0,1
0,70,0,0,1,1,0,1
5,0,0,4472,1,0,0,1
662,0,0,56625,0,0,0,1
4,492,57,76,1,0,0,1
7,31,19,69,1,1,0,1
11,1983,323,397,0,0,0,1
152,374,47,1044,1,0,0,1
3,29,0,1,1,1,0,1
1264,1288,0,24133,1,0,0,1
128,1,1,3533,0,0,0,1
0,26,47,65,1,0,0,1
46,20,0,516,1,0,0,1
684,68,6,9645,0,0,0,1
7,0,0,104,0,0,0,1
20,300,6,1,1,0,0,1
3745,0,0,3063,1,0,0,1
35906,35744,864,3027,1,0,0,1
78,2,1,677,1,0,0,1
68,0,2,2407,1,0,0,1
51,2,4,18514,1,0,0,1
12349,5,203,20547,0,0,0,1
65,220,1,24,1,0,0,1
4,70,1,1,0,0,0,1
627,10,6,1634,0,0,0,1
83,6,1,13849,0,0,0,1
4,537,90,103,1,0,0,1
864,5,0,23022,0,0,0,1
4937,5,0,1641,1,0,0,1
307,4,5,2060,1,0,0,1
242,1,20,69791,0,0,0,1
777,4732,0,0,1,0,0,1
10,0,0,5205,0,0,0,1
43,0,0,2507,0,0,0,1
3246,2757,6466,69884,1,0,0,1
0,0,183,1,0,0,0,1
107,1,0,16414,0,0,0,1
299,42,0,26508,0,0,0,1
17,1903,311,366,0,0,0,1
22,201,7,8,1,0,0,1
33,1,2,1029,1,0,0,1
12415,402,201,5986,0,0,0,1
99348,3,4,428,0,0,0,1
27481,1,4,42940,1,0,0,1
305,29,3,162,1,0,0,1
98,48,4,2830,1,0,0,1
514,0,0,7455,0,0,0,1
495,1,0,4756,1,0,0,1
275,252,103,755,0,0,0,1
0,15,0,0,1,1,0,1
0,33,56,83,1,0,0,1
3,63,0,1,1,0,0,1
4,102,0,1,1,1,0,1
1,367,29,37,1,0,0,1
337,2,12,7870,1,0,0,1
1599,3,2,18100,1,0,0,1
26,4,0,3799,1,0,0,1
10250,10378,211,262067,1,0,0,1
43869,4786,125,120082,0,0,0,1
4,28,0,2,1,0,0,1
2,41,0,1,1,0,0,1
0,264,29,51,1,0,0,1
21,0,1,65,1,0,0,1
483883,0,0,62634,0,0,0,1
461,873,0,126,1,0,0,1
4,32,0,29,1,1,0,1
0,14,81,95,1,0,0,1
788,0,0,2358,0,0,0,1
1,319,19,25,1,0,0,1
2,101,2,7,1,0,0,1
15,3,0,401,0,0,0,1
1645,1893,6,5024,0,0,0,1
6,0,0,11,1,0,0,1
337,2,0,28941,1,0,0,1
67,0,1,144,0,0,0,1
743,14,0,21164,0,0,0,1
179,1,0,1149,1,0,0,1
33,38,0,17,1,0,0,1
332,242,2,366,0,0,0,1
61,0,0,81,1,0,0,1
2,341,29,44,1,0,0,1
347,147,169,10042,1,0,0,1
4,24,1,0,1,1,0,1
113,1,0,776,1,0,0,1
5,93,5,1,1,0,0,1
98,45,38,223659,1,0,0,1
47,65,0,3,1,0,0,1
49,2,7,323,1,0,0,1
1,38,67,97,1,0,0,1
10832,2673,2413,34971,0,0,0,1
0,26,21,23,1,0,0,1
168,224,432,7028,0,0,0,1
133554,95060,1453,40763,0,0,0,1
102,1,0,266,1,0,0,1
4369,0,0,1542,1,0,0,1
970,1,0,2023,0,0,0,1
13,0,0,1947,1,0,0,1
104938,1064,11928,18504,0,0,1,1
481,0,0,6391,1,0,0,1
712,3,0,24996,1,0,0,1
23,121,62,16,1,0,0,1
32,1582,0,4,1,1,0,1
132,1,2,503,0,0,0,1
6212,6397,329,206723,0,0,0,1
2807,1,3,1470,1,0,0,1
2339,1,0,3625,0,0,0,1
6645,1,168,8416,0,0,0,1
2271,3,0,15514,0,0,0,1
261,0,6,3410,1,0,0,1
93,1,0,29804,1,0,0,1
2,31,159,1,1,0,0,1
38,835,0,4,1,0,0,1
5280,6,9,17341,0,0,0,1
11,205,22,0,1,1,0,1
111,0,0,1719,1,0,0,1
5,389,1,0,1,0,0,1
7,40,0,113,1,0,0,1
9,0,0,130,1,0,0,1
5,603,155,166,1,0,0,1
78,0,21,692,0,0,0,1
38529,6,0,10857,1,0,0,1
741,3,2,1125,0,0,0,1
2,116,4,8,1,0,0,1
1219,87,311,2200,1,0,0,1
1,9,0,1,1,0,0,1
181,1,0,60475,0,0,0,1
7,0,0,1381,0,0,0,1
62,1,1,1760,1,0,0,1
312,2,21,856,0,0,0,1
274,1728,11,11,1,0,0,1
154,2,4,658,0,0,0,1
703,32,0,2755,0,0,0,1
1553,2038,1131,31437,1,0,0,1
51,1832,79,636,0,0,0,1
0,260,18,19,1,0,0,1
74,2,0,608,0,0,0,1
207,8,0,5591,0,0,0,1
69,4,1,171,1,0,0,1
52,2,21,7996,0,0,0,1
69,12,0,175,1,0,0,1
567,0,0,16733,0,0,0,1
912,2,19,3528,0,0,0,1
29,52,4,58,0,0,0,1
35,0,0,2050,0,0,0,1
364,0,2,25220,1,0,0,1
40,0,25,1868,1,0,0,1
828,13,6,19596,1,0,0,1
61,150,191,130,1,0,0,1
273,0,0,7507,1,0,0,1
216,1,0,1725,1,0,0,1
15,159,0,525,0,0,0,1
342,0,0,22070,1,0,0,1
60,1,1,9249,1,0,0,1
447,1,0,21892,1,0,0,1
9301,1830,143,13454,1,0,0,1
97,0,0,34097,1,0,0,1
13049,0,0,260879,1,0,0,1
152,141,3,2281,0,0,0,1
501,1,1,2146,0,0,0,1
6776,4,287,3753,1,0,0,1
14,0,0,129,1,0,0,1
1396,2,0,5126,1,0,0,1
473,5,0,1814,0,0,0,1
6,124,2,0,1,0,0,1
5,474,80,81,1,0,0,1
2,51,0,0,1,1,0,1
43,1,0,3846,0,0,0,1
798,1,0,2539,0,0,0,1
2923,1,0,652,0,0,0,1
400,287,1,27635,0,0,0,1
9212,2,0,8996,1,0,0,1
1,336,35,33,1,0,0,1
169,18,3,4,1,0,0,1
86,0,0,22951,1,0,0,1
4159,5001,15,51,1,0,0,1
316,1981,2631,42565,0,0,0,1
70,0,1,16312,0,0,0,1
66,2,0,5647,1,0,0,1
79,1,0,3615,0,0,0,1
52957,710,29,379275,0,0,0,1
6,43,12,2,1,0,0,1
258,2883,90,5401,1,0,0,1
2,685,164,204,1,0,0,1
127,1,0,2836,1,0,0,1
38,69,446,2957,1,0,0,1
248,231,56,71111,1,0,0,1
20,0,0,84,1,0,0,1
1787,1,0,27932,1,0,0,1
110,0,0,4185,1,0,0,1
1,32,66,93,1,0,0,1
602,830,2,93873,1,0,0,1
2,21,2,1,1,1,0,1
297,0,0,330,1,0,0,1
280,310,14,11307,1,0,0,1
620,2,0,40633,1,0,0,1
256,639,0,1250,0,0,0,1
114,205,0,136271,0,0,0,1
114,243,0,4385,0,0,0,1
1536,1894,2161,3545,1,0,0,1
66,3716,0,0,1,1,0,1
183,1,1,3511,0,0,0,1
3,0,0,5236,0,0,0,1
693,0,1,12910,0,0,0,1
17289,8538,0,772559,0,0,0,1
990,7,2,35869,1,0,0,1
436,1,0,25646,0,0,0,1
81,39,0,1752,0,0,0,1
515,1,0,1271,1,0,0,1
142,24,33,723,1,0,0,1
0,35,38,44,1,0,0,1
12,2004,276,333,0,0,0,1
491,4970,187,118,1,0,0,1
56,1,1,7118,0,0,0,1
0,99,0,0,1,1,0,1
15,1,0,170,1,0,0,1
90,3,2,6585,0,0,0,1
6,157,11,0,1,0,0,1
4,30,1,3,0,1,0,1
41381,42166,0,1617,0,0,0,1
63,1,0,2078,0,0,0,1
0,28,0,0,0,1,0,1
175,1,1,13142,0,0,0,1
0,353,25,67,1,0,0,1
5558,6032,115,1877,1,0,0,1
500,726,17962,22712,0,0,0,1
6,662,156,211,1,0,0,1
56836,1,3,6863363,1,0,0,1
27004,21,158,3979,0,0,0,1
352,0,0,11068,1,0,0,1
735,1,0,45914,0,0,0,1
43721,165,0,938563,0,0,0,1
7203,1,3,3235,1,0,0,1
1,29,0,1,1,1,0,1
7,644,156,214,1,0,0,1
231,2,72,17500,1,0,0,1
2003,0,54,39446,0,0,0,1
347,4,39,42526,1,0,0,1
10,100,0,1,1,0,0,1
87216,15228,768,717,0,0,1,1
59,0,0,1343,1,0,0,1
3437,2,0,4356,1,0,0,1
760,1,31,4193,1,0,0,1
136,2,0,5684,0,0,0,1
27,326,7,472,1,0,0,1
5,662,169,208,1,0,0,1
5,187,6,1,1,0,0,1
0,292,31,31,1,0,0,1
0,260,17,15,1,0,0,1
84,14,0,238,0,0,0,1
16,1,0,3222,0,0,0,1
11,2,0,5464,0,0,0,1
64,0,0,3947,1,0,0,1
20,96,374,1,1,0,0,1
10,728,133,174,0,0,0,1
1,3,0,1,1,1,0,1
25,95,0,2722,0,0,0,1
0,39,0,0,1,1,0,1
33,2272,287,362,0,0,0,1
7230,947,162,75122,0,0,0,1
1692,1,0,1575,1,0,0,1
4,704,168,198,1,0,0,1
67,242,45,470,0,0,0,1
1444,17,0,54742,1,0,0,1
40,0,0,5052,0,0,0,1
2,337,21,25,1,0,0,1
1307,1,0,2285,1,0,0,1
159,474,174,562,1,0,0,1
50,0,0,1462,1,0,0,1
129,1,0,2341,1,0,0,1
216,12,0,2535,0,0,0,1
2,287,12,17,1,0,0,1
0,276,16,42,1,0,0,1
7,33,0,3,1,0,0,1
475,0,0,17299,1,0,0,1
0,7,3,1,1,0,0,1
8372,4,0,2455,0,0,0,1
21,1921,260,322,0,0,0,1
366,0,0,19686,1,0,0,1
2101,1693,16017,2175,0,0,0,1
12090,12774,0,49305,0,0,0,1
10,0,0,289,0,0,0,1
3621,250,0,5479,1,0,0,1
10,164,64,66,1,1,0,1
26040,729,0,87219,1,0,0,1
8,0,0,764,0,0,0,1
62,4,19,23134,0,0,0,1
1802,1,5,5034,0,0,0,1
1609,0,0,1670,1,0,0,1
0,111,2,1,1,1,0,1
3,0,0,1208,1,0,0,1
60674,1,1605,12130,0,0,0,1
0,44,45,69,1,0,0,1
2838,6,0,11889,1,0,0,1
1811,15,20,29998,0,0,0,1
1157,0,2,54289,1,0,0,1
4391,0,4,8732,1,0,0,1
8,766,142,208,0,0,0,1
49,277,0,7,1,0,0,1
1727,46,193,28918,1,0,0,1
0,25,62,86,1,0,0,1
1,41,80,126,1,0,0,1
50196,48860,112382,81267,1,0,0,1
314,0,0,2978,0,0,0,1
5,73,1,0,1,1,0,1
660,3,5,4529,1,0,0,1
0,39,0,0,1,1,0,1
64,0,0,180,0,0,0,1
185,1,0,573,1,0,0,1
3,201,1,1,1,0,0,1
571,6,11,72830,1,0,0,1
0,21,0,0,1,1,0,1
33,1,0,4032,0,0,0,1
0,327,26,31,1,0,0,1
11,820,157,587,0,0,0,1
1087,1,0,1947,1,0,0,1
1,328,27,26,1,0,0,1
26,1949,300,386,0,0,0,1
29879,108,1589,50659,0,0,0,1
1,496,95,108,1,0,0,1
206,2,8,18817,0,0,0,1
1323,1538,186,912,0,0,0,1
546,96,12,2639,1,0,0,1
1120,1168,1459,1556,0,0,0,1
7812,5,0,4464,0,0,0,1
1040,0,1,2633,1,0,0,1
0,256,13,11,1,0,0,1
0,28,103,145,1,0,0,1
8,0,0,2115,1,0,0,1
0,25,60,69,1,0,0,1
60,258,93,93,1,0,0,1
82,83,3,653,0,0,0,1
12,2,0,7086,1,1,0,1
62,973,10890,1,1,0,0,1
1047,1,0,3661,1,0,0,1
85,1,0,24631,0,0,0,1
23,1863,271,374,0,0,0,1
320,4,13,5570,1,0,0,1
27264,3516,5,508835,0,0,0,1
16,1859,262,336,0,0,0,1
2,41,68,119,1,0,0,1
4547,2,137,59621,1,0,0,1
1,38,74,89,1,0,0,1
31,0,0,975,1,0,0,1
170,3,0,22899,1,0,0,1
23,0,0,2584,1,0,0,1
74,744,90,14,1,0,0,1
372,2105,1,12,0,0,0,1
71727,34,0,109163,1,0,0,1
36,1,0,1025,1,0,0,1
13,3,0,79,1,0,0,1
861,2,0,6567,1,0,0,1
0,337,20,37,1,0,0,1
98,2,0,3621,0,0,0,1
8,674,144,176,1,0,0,1
300,1,1,777,0,0,0,1
75,48,0,2080,0,0,0,1
22,1,0,3868,1,0,0,1
61,0,1,148294,1,0,0,1
155,0,0,9286,1,0,0,1
7872,2,2,72176,1,0,0,1
656,9,36,3306,1,0,0,1
540,2,0,745,0,0,0,1
8,1,0,0,1,0,0,1
183,3,0,31,1,0,0,1
77,39,4,2828,1,1,0,1
7,2,0,2296,1,1,0,1
1533,1714,0,19176,0,0,0,1
378,4,1,11085,1,0,0,1
55,0,0,10002,0,0,0,1
362770,355287,9,3042,1,0,1,1
32,17,3,173,1,0,0,1
7,1,0,246,0,0,0,1
20,1883,302,374,0,0,0,1
1104,136,0,483,0,0,0,1
290,1,0,1196,1,0,0,1
236,0,0,2821,0,0,0,1
1,341,23,31,1,0,0,1
1854,8,11,127238,1,0,0,1
35,206,0,4,1,1,0,1
6,2,0,6609,1,1,0,1
388,13,2,21390,1,0,0,1
18,0,0,1262,0,0,0,1
6,635,163,251,1,0,0,1
0,350,23,35,1,0,0,1
74,0,1,9057,1,0,0,1
7,0,0,2192,1,0,0,1
2,1,0,63519,1,0,0,1
1242,4610,0,8743,1,0,0,1
18,334,47,42,1,1,0,1
60427,0,0,68521,1,0,0,1
9,1,0,95,0,0,0,1
1186,1774,0,85162,1,0,0,1
17,221,15,444,1,1,0,1
3,698,136,178,1,0,0,1
56,1,0,12245,1,0,0,1
67,0,0,120232,1,0,0,1
1,509,75,104,1,0,0,1
142,1,0,3555,0,0,0,1
3508,4053,0,7252,0,0,0,1
2235,0,2,23695,1,0,0,1
0,28,49,90,1,0,0,1
251,131,1,362,1,0,0,1
528,1,1,14915,1,0,0,1
247,12,0,13551,1,0,0,1
173,0,2,1188,1,0,0,1
15,1770,293,444,0,0,0,1
187,0,14,1577,0,0,0,1
396,1,0,3631,0,0,0,1
0,72,4,2,1,1,0,1
0,259,21,18,1,0,0,1
50,6,2,2001,1,0,0,1
2352,5001,3943,32426,1,0,0,1
17,0,0,170,1,0,0,1
585,3479,0,212,0,0,0,1
0,26,68,70,1,0,0,1
9,213,2,1,1,0,0,1
343,1,0,5140,1,0,0,1
10,1,0,13148,1,0,0,1
300,1,0,4092,1,0,0,1
7,166,2,15,1,0,0,1
13681,3306,88,882734,1,0,0,1
1,333,35,31,1,0,0,1
1026,1,0,3456,1,0,0,1
1075,0,0,703,1,0,0,1
2048,5,75,25498,1,0,0,1
35,2,0,4571,0,0,0,1
107,541,151,650,0,0,0,1
449,0,0,998,1,0,0,1
799,1,0,11373,0,0,0,1
516,14,133,38073,1,0,0,1
576,39,21,52048,0,0,0,1
79,195,23,34,1,0,0,1
0,37,39,63,1,0,0,1
2,465,56,76,1,0,0,1
8,660,127,190,1,0,0,1
211,321,24,26,1,0,0,1
14,0,0,2653,1,0,0,1
2832,2,34,34306,1,0,0,1
2,492,71,79,1,0,0,1
113,28,2,3053,1,0,0,1
2,236,15,20,1,0,0,1
172,69,5,1065316,0,0,0,1
150,0,6,326,0,0,0,1
5,485,90,98,1,0,0,1
18,1,0,2585,0,0,0,1
90,0,1,21327,1,0,0,1
13,0,0,1805,0,0,0,1
3,28,60,96,1,0,0,1
159,0,0,904,0,0,0,1
80,98,2,375,1,0,0,1
38194,68,60,1393,0,0,0,1
110,1,2,6511,0,0,0,1
56,39,0,247223,1,1,0,1
1,253,25,26,1,0,0,1
49,12,1,831,0,0,0,1
145,0,0,153,1,0,0,1
566,122,7,33258,1,0,0,1
1353,76,1,21536,0,0,0,1
22,0,0,1212,1,0,0,1
4,668,125,172,1,0,0,1
4,343,0,1,1,1,0,1
331,890,3,11,0,0,0,1
0,2,0,1,1,0,0,1
281,0,0,1224,1,0,0,1
407,2,1,32573,0,0,0,1
6,341,42,73,1,0,0,1
195,1,5,5949,0,0,0,1
26,0,0,1317,0,0,0,1
1727,1030,117,1639,0,0,0,1
35,3,0,53057,1,0,0,1
21,2033,317,403,0,0,0,1
85,1,0,1000,1,0,0,1
10280,1,0,1592,0,0,0,1
13091,10734,1005,53518,0,0,0,1
2896,2,15,113733,1,0,0,1
882,231,3,2826,1,0,0,1
1374,2102,2,114,1,0,0,1
318,4,0,128811,0,0,0,1
80,0,0,39803,1,0,0,1
182,0,0,3322,1,0,0,1
1,315,13,27,1,0,0,1
299,0,0,14332,1,1,0,1
372,0,0,2714,1,0,0,1
80,0,1,4854,1,0,0,1
3,314,34,56,1,0,0,1
2,276,23,23,1,0,0,1
1084,1368,0,10281,1,0,0,1
31,1,0,4911,0,0,0,1
1628,4,3,5155,1,0,0,1
1510,2126,0,207479,0,0,0,1
109901,85639,3550,455,1,0,0,1
197,0,0,199,0,0,0,1
6465,5916,0,18513,0,0,0,1
3,114,2,1,1,1,0,1
88,29,0,178,1,0,0,1
32,1,0,2290,1,0,0,1
130,0,0,3190,1,0,0,1
2,334,19,27,1,0,0,1
6,3,0,253,1,0,0,1
276,540,21524,3062,1,0,0,1
887,0,20624,43512,0,0,0,1
47,45,113,1752,1,0,0,1
1,42,0,0,1,1,0,1
1461,197,1,23533,1,0,0,1
128,0,0,151,1,0,0,1
806,4924,92,19,1,0,0,1
0,14,0,0,1,1,0,1
41,0,0,300,1,0,0,1
5418,4307,1,45675,0,0,0,1
98866,108366,851,868,0,0,0,1
0,240,21,13,1,0,0,1
3,156,0,2,1,1,0,1
904,0,0,1123,0,0,0,1
35,54,0,114,1,0,0,1
282,2205,1,3,1,0,0,1
3588,0,0,18413,0,0,0,1
132,46,740,7346,1,0,0,1
3788,4466,3,297198,1,0,0,1
67,0,0,103,1,0,0,1
883,1,0,2574,1,0,0,1
3835,1,1,1432,1,0,0,1
410,0,0,7709,1,0,0,1
78,41,6628,4249,1,0,0,1
235,192,4,7875,1,0,0,1
530,2,2,298,0,0,0,1
0,30,0,0,1,1,0,1
2845,4,0,16272,0,0,0,1
52,1,0,80,1,0,0,1
683,0,0,577,1,0,0,1
173,0,0,6893,1,0,0,1
83215,12,45,2063,0,0,0,1
6,17,0,1,1,1,0,1
10,2,0,5775,1,0,0,1
2,249,14,26,1,0,0,1
78,0,0,10130,1,0,0,1
82,0,0,4591,0,0,0,1
87,0,0,2905,0,0,0,1
3,21,0,0,1,1,0,1
11,0,0,52,1,0,0,1
260,0,0,25155,1,0,0,1
291,1,30,3223,0,0,0,1
159,6,0,5019,1,0,0,1
40,0,0,3921,1,0,0,1
1814,0,5106,57061,1,0,0,1
0,280,21,31,1,0,0,1
0,9,0,0,1,1,0,1
806,85,229,1497,0,0,0,1
25,524,1,1,1,0,0,1
77,1,0,5057,1,0,0,1
140,0,0,16203,1,0,0,1
41,0,0,2397,0,0,0,1
1248,7,0,11708,0,0,0,1
662,3,60,29818,1,0,0,1
49,1,23,9820,0,0,0,1
0,35,58,83,1,0,0,1
1148,7,6,24607,1,0,0,1
2,85,7,11,1,1,0,1
19,23,2,2768,0,0,0,1
10057,7468,1905,1459,0,0,0,1
1464,40,996,144584,0,0,0,1
490,1,0,927,1,0,0,1
93,0,0,5145,0,0,0,1
36,1,0,793,1,0,0,1
60,32,2,4365,1,0,0,1
214,0,0,9727,1,0,0,1
34,787,7,2,1,1,0,1
571310,76070,37437,56077,0,0,1,0
292385,963,1248,16688,0,0,1,0
1,7,0,3,1,1,0,0
222659,352,143,10999,0,0,1,0
646,446,13440,25292,0,0,0,0
2,5,0,2,1,1,0,0
27,25,17,50,1,0,0,0
316,192,2257,7329,0,0,0,0
211616,8617,1941,2037,0,0,1,0
429604,600,30,497,0,0,1,0
106,153,973,1408,1,0,0,0
17118,385,4,3168,0,0,0,0
94714,43,0,1,1,0,1,0
1793645,428911,6881,155671,0,0,1,0
328658,110,3,319,1,0,1,0
1159,2524,160,4718,1,0,0,0
383,324,145,389,0,0,0,0
132562,842,4046,5000,0,0,1,0
9021504,16,11,13245,0,0,1,0
74952,340,8101,7931,1,0,1,0
22270820,263,2329,46185,0,0,1,0
829658,56,490,16192,0,0,0,0
56,708,112,95,1,0,0,0
1132,8,32,656,1,0,0,0
40,51,19,914,0,0,0,0
106,318,11,441,1,0,0,0
658530,369,1163,13327,0,0,1,0
3039240,1744,412,37953,0,0,1,0
747,639,3649,3918,0,0,0,0
35916070,277,147,11904,0,0,1,0
5324864,45,49,1537,0,0,1,0
6055541,881,28,5536,0,0,1,0
2026336,53,6,487,0,0,1,0
829,621,753,9500,0,0,0,0
6298,3780,85334,46617,0,0,0,0
243582,489,24206,17195,0,0,1,0
958913,3664,467,44581,0,0,1,0
75,426,1147,269,1,0,0,0
19451,6,37,254,1,0,0,0
22,95,86,52,1,0,0,0
113,280,2600,4538,0,0,0,0
4,81,133,3,1,0,0,0
2665301,299,1301,9572,1,0,1,0
13305,1154,1251,3571,0,0,0,0
4,27,32,18,1,0,0,0
289928,1061,18,19353,0,0,1,0
867,1544,87,1058,0,0,0,0
45,150,32,108,0,0,0,0
3262,454,1346,1355,0,0,1,0
97,105,1777,1439,0,0,0,0
26434,553,3786,7110,0,0,0,0
417924,16771,999,39013,0,0,1,0
21,48,482,233,1,0,0,0
151,1833,164,591,0,0,0,0
8381372,203,21,6834,0,0,1,0
2006589,1993,429,33226,0,0,1,0
157,281,0,4421,0,0,0,0
2287,4297,1558,497,0,0,0,0
289,208,20,1247,0,0,0,0
63996,4883,297,6896,0,0,1,0
1356,3206,126,396,1,0,0,0
270,1891,0,17,1,0,0,0
24,65,0,84,0,0,0,0
1763697,397,708,3859,0,0,1,0
649,30,0,213,0,0,1,0
10,76,2,19,0,0,0,0
146565,522,4360,10026,0,0,0,0
177,119,1016,21311,0,0,0,0
28875,0,0,437,0,0,1,0
1541514,68,66,14230,0,0,1,0
62647,277,431,11885,0,0,1,0
46,96,147,13,1,0,0,0
1300380,24248,4184,8536,0,0,1,0
1474073,40,13,8601,0,0,1,0
314,823,770,1062,0,0,0,0
216039,67,972,1878,0,0,1,0
5370,82,607,7169,1,0,0,0
2844,126,692,263,1,0,1,0
77,524,8,39,1,0,0,0
3702525,8875,135,59937,0,0,1,0
214083,211,365,3060,0,0,1,0
4,67,2,18,1,1,0,0
772,970,1030,2269,0,0,0,0
5024,1265,4375,31149,0,0,0,0
1322,3001,2521,2965,0,0,0,0
33,100,2,7,0,0,0,0
15571,883,16908,21707,0,0,0,0
64,98,2,1031,0,0,0,0
28933243,800,43,42955,0,0,1,0
122108,5790,223,24891,0,0,1,0
27,118,28,29,1,0,0,0
22,101,7,9,1,0,0,0
262,729,30,235,0,0,0,0
17880103,763,306,9487,0,0,1,0
118,342,62,46,1,0,0,0
8896,417,797,9936,0,0,0,0
77,65,22,17,1,0,0,0
45,75,10,103,0,0,0,0
952135,858,2402,83812,0,0,1,0
1811013,415,181,9472,0,0,1,0
71,263,22,49,1,0,0,0
8503,222,861,21716,0,0,1,0
64,279,15,83,1,0,0,0
32129515,547,51,32419,0,0,1,0
59,67,1030,1002,1,0,0,0
54,89,1,1177,0,0,0,0
52,337,2503,247,0,0,0,0
9132,1841,590,6437,0,0,1,0
9515386,1329,1141,5942,0,0,1,0
276122,166,1234,7336,0,0,1,0
3191970,371987,13,2119,0,0,1,0
27859346,157,0,286,0,0,1,0
5541,888,396,901,0,0,0,0
35,50,0,113,0,0,0,0
2917721,303,372,3123,0,0,1,0
37,456,5,587,1,0,0,0
299938,1558,3931,13302,0,0,1,0
1161,133,308,670,0,0,0,0
28,921,54,8,1,0,0,0
22,97,15,85,0,0,0,0
29270,24101,1571,2426,0,0,1,0
16547,13437,72,12467,0,0,1,0
2801091,843,6552,14733,0,0,1,0
562918,653,313,6339,0,0,1,0
3749,1,177,7931,0,0,0,0
35412,105,15,967,0,0,0,0
1749014,254,0,470,1,0,1,0
138849,216,6,987,0,0,1,0
4218370,5512,655,44847,0,0,1,0
35476,150,1380,484,0,0,0,0
2142490,45023,26993,16826,0,0,1,0
5960,1070,24299,9444,0,0,1,0
750,2657,8757,14773,0,0,0,0
34,204,0,0,1,1,0,0
7518766,13587,4,6952,0,0,1,0
13011,2715,73,1592,0,0,1,0
237490,314,158,2230,0,0,1,0
166,294,77,261,0,0,0,0
31,58,8,11,0,0,0,0
26408349,41,46,34592,0,0,1,0
48641,33,0,0,1,0,1,0
96217,541,3705,3591,0,0,1,0
45,143,0,180,0,0,0,0
1173947,412,743,24811,0,0,1,0
370920,272,30,11766,0,0,1,0
7222,787,4,16034,0,0,0,0
878131,5044,297,79503,0,0,1,0
15,83,0,1,1,1,0,0
20261,19440,7758,6949,0,0,1,0
4961351,742,11859,36385,0,0,1,0
8800,2917,95,85,0,0,0,0
4347,419,2311,11333,0,0,0,0
2,79,1,2,1,1,0,0
4,35,0,4,1,0,0,0
72,96,78,191,0,0,0,0
2459472,1725,8367,12868,0,0,1,0
3334308,374,4363,8939,0,0,1,0
259280,28,20,9517,0,0,1,0
325,104,12,151,0,0,0,0
13453399,679,58,8652,0,0,1,0
542057,991,20281,9030,0,0,1,0
1267,134,9912,7029,0,0,0,0
814594,144,695,8341,1,0,1,0
36,519,139,133,1,0,0,0
2115097,3851,90,27626,1,0,1,0
242,392,767,2064,0,0,0,0
27458,27182,233,91,1,0,0,0
2747,492,42,248,0,0,0,0
1026238,223642,14499,19256,0,0,1,0
39,270,364,307,1,0,0,0
3654259,1336,3557,3456,0,0,1,0
159613,6949,220,5877,0,0,1,0
14,18,50,41,0,0,0,0
823,547,4812,1964,0,0,0,0
204,269,635,2672,0,0,0,0
76,1336,165,38,1,1,0,0
3517571,855,185,23660,0,0,1,0
115,93,74,126,1,0,0,0
7901272,51,231,9748,0,0,1,0
4457073,57,674,342,0,0,1,0
1073,197,8791,8452,0,0,0,0
10572149,1237,2290,138227,0,0,1,0
3630,557,433,643,1,0,0,0
1,4,0,0,0,0,0,0
242,520,28,196,1,0,0,0
1513771,269684,16453,8973,0,0,1,0
10795,21,9,36,0,0,1,0
328,1875,5,3335,1,0,0,0
5156022,398,62,17715,0,0,1,0
1571,181,608,409,0,0,0,0
815583,178,484,2391,0,0,1,0
25255491,671,177,6976,0,0,1,0
50765,1401,1957,7596,0,0,1,0
870,667,243,617,0,0,0,0
644027,559,4051,15713,0,0,1,0
45385,158,13431,11153,0,0,1,0
4217692,12820,39,31195,0,0,1,0
1877332,2190,0,9362,0,0,1,0
34363304,909,14320,269878,0,0,1,0
9192152,241,11,18144,0,0,1,0
18,40,3,51,1,0,0,0
41,290,79,3,1,0,0,0
30615,6849,12274,67431,0,0,0,0
3196,2536,6392,9983,0,0,0,0
174482,22566,112,5639,1,0,0,0
4077,2193,1913,2349,0,0,0,0
215,721,0,76,0,0,0,0
2540943,129,767,4470,0,0,1,0
5555,296,11881,10335,0,0,0,0
1517993,3739,1412,32702,0,0,1,0
397,2436,171,569,0,0,0,0
2039596,333,42,3361,0,0,1,0
42,204,5490,580,1,1,0,0
112499,9471,1,625,0,0,1,0
9216131,508,6348,4304,0,0,1,0
112379,2116,2641,6421,1,0,0,0
2744,923,2157,9699,1,0,0,0
32,347,15,21,1,0,0,0
6296,47,12,179,0,0,0,0
216251,227,88,1537,0,0,1,0
502303,13766,3374,69778,0,0,1,0
176,96,1638,11388,0,0,0,0
22,161,4,6,1,1,0,0
12264,821,1390,2136,0,0,1,0
4639,491,0,7,0,1,0,0
9,128,70,17,1,0,0,0
22,102,4,26,1,0,0,0
68937,349,18479,47114,0,0,1,0
5935044,2509,175,34774,0,0,1,0
232,386,3798,2369,1,0,0,0
318621,603,10838,18794,0,0,1,0
2073481,2952,298,71174,0,0,1,0
197,599,135,1732,0,0,0,0
107622,76,127,3900,0,0,1,0
1870168,637,305,44689,0,0,1,0
947045,271,88,4905,0,0,1,0
1583,852,5036,5602,0,0,0,0
200622,586,564,12902,0,0,1,0
354,21,0,225,0,0,1,0
1909411,17,10994,27849,0,0,1,0
29270575,428,350,6221,0,0,1,0
6578005,692,87,9536,0,0,1,0
876,448,67,9732,0,0,0,0
15472164,1450,77,22750,0,0,1,0
2254,200,573,3437,0,0,0,0
2419,1144,11257,7230,0,0,0,0
95,15,5,2240,0,0,0,0
758,654,7131,30413,0,0,0,0
314361,184,389,10659,0,0,1,0
56805,3,18,12376,0,0,1,0
126786,0,1084,7656,0,0,0,0
107,268,134,2906,0,0,0,0
1871284,9,2,4238,0,0,1,0
30454,797,500,4676,0,0,1,0
605365,60,389,3652,0,0,1,0
6378,44,4458,7244,0,0,0,0
384507,199,12,5206,0,0,1,0
1227898,1305,736,3792,0,0,1,0
2,54,0,1,1,0,0,0
129,238,610,3678,1,0,0,0
3784246,15193,2513,14535,0,0,1,0
669,613,6369,14133,0,0,0,0
399054,23907,1,205,0,0,1,0
1,22,1,1,1,0,0,0
4763532,742,158,20404,0,0,1,0
34960,530,882,3882,0,0,1,0
151,1292,437,692,1,0,0,0
86,2924,0,670,0,0,0,0
171,269,20,8061,1,0,0,0
8476840,2836,631,227103,0,0,1,0
269,368,3,1896,0,0,0,0
504,207,27,1546,0,0,0,0
578,310,574,379,0,0,0,0
384433,423,1356,9924,0,0,1,0
69,293,234,107,0,0,0,0
2,44,1,2,1,1,0,0
22703994,1,0,2895,0,0,1,0
3057658,32,0,2054,0,0,1,0
228,64,1449,1015,0,0,0,0
46,12,986,6083,0,0,0,0
372,396,381,440,1,0,0,0
36,107,47,27,0,0,0,0
16260659,2742,2138,38435,0,0,1,0
108,226,741,1570,0,0,0,0
121,592,1690,1085,1,0,0,0
4799319,943150,107,10405,0,0,1,0
25887,2623,17033,14258,0,0,0,0
1427838,139,0,4735,0,0,1,0
11,80,0,1,0,0,0,0
796718,284,2666,17149,0,0,1,0
135677,1708,11340,23655,0,0,1,0
3673,1485,5263,11406,1,0,0,0
1803087,504,3,5653,0,0,1,0
21,23,0,3,1,0,0,0
283215,852,54595,81749,0,0,1,0
68,255,0,6,1,1,0,0
198739,9867,375,3957,0,0,1,0
23477,2,120,59325,1,0,0,0
67,496,0,3,1,0,0,0
288,298,2949,2933,1,0,0,0
186,858,145,307,0,0,0,0
1526,1346,3332,8662,0,0,0,0
7011,315,1820,631,0,0,0,0
131328,147,72,207,0,0,1,0
1867,2913,1375,6544,0,0,0,0
1039625,176,29,825,0,0,1,0
40,117,13,48,0,0,0,0
1876,826,59,19476,0,0,1,0
330,302,2,2079,1,0,0,0
56633,4299,13506,13037,0,0,1,0
1391,477,15572,74779,0,0,0,0
72,703,65,4,1,0,0,0
4060,95,39,26,0,0,0,0
560,378,902,1134,0,0,0,0
780560,4806,3856,22261,0,0,1,0
3,30,0,1,0,0,0,0
5340224,614,17365,10586,0,0,1,0
5633,5821,480,11198,0,0,1,0
1047,299,958,3098,0,0,0,0
180,355,227,400,0,0,0,0
22641,6044,40,15371,0,0,1,0
12464997,50549,144,22034,0,0,1,0
391,1417,22986,12551,0,0,0,0
3,8,1,13,1,0,0,0
35,134,17,989,0,0,0,0
10,25,0,9,1,0,0,0
58,0,129,473,0,0,0,0
9942270,462,13944,7312,0,0,1,0
13,50,5,1,1,0,0,0
13616221,760,1178,9824,0,0,1,0
21,33,47,702,0,0,0,0
81,80,1356,3243,0,0,0,0
0,40,27,57,1,0,0,0
158352,509,13,63293,0,0,0,0
42483,2692,246,29976,0,0,0,0
147994,68994,20839,100848,0,0,1,0
2,4,0,1,1,1,0,0
12,94,44,103,1,0,0,0
114,128,43,6325,0,0,0,0
4309,2316,2583,5690,0,0,0,0
777892,281,226,1575,0,0,1,0
127,816,469,321,0,0,0,0
22888,366,133,382,0,0,1,0
36,95,9,13,1,0,0,0
27013,999,10516,13642,0,0,0,0
5,237,0,2,1,0,0,0
2282,275,493,4757,0,0,0,0
2060,661,374,6003,0,0,0,0
1108807,1662,2877,27085,0,0,1,0
208,190,180,81,0,0,0,0
392,638,110,4530,1,0,0,0
198799,11115,220,8140,0,0,1,0
352,125,31,582,0,0,0,0
348,809,299,3220,0,0,0,0
698,589,1508,7967,0,0,0,0
350009,139,240,30346,0,0,1,0
120310,1531,34,2989,0,0,1,0
36,6,13,10,1,0,0,0
595,345,4627,887,1,0,0,0
98,667,712,613,1,0,0,0
2,10,0,2,1,1,0,0
1,19,0,1,1,1,0,0
358,5000,73,1236,0,0,0,0
628,1814,115,2991,0,0,0,0
20146302,9,15,467,0,0,1,0
50549694,95,0,2822,0,0,1,0
89841,2,30,55,1,0,1,0
1983513,1675,2658,40938,0,0,1,0
256832,657,45,2724,0,0,1,0
2811157,236,1676,128,0,0,1,0
99,220,16,61,0,0,0,0
5,86,28,152,1,0,0,0
771,437,114,658,1,0,0,0
104,251,20,195,0,0,0,0
6791,5109,0,2756,0,0,0,0
1591765,1862,1655,36715,0,0,1,0
1830,2002,197,535,1,0,0,0
2740,2000,2699,9469,0,0,0,0
23763283,81,14,56274,0,0,1,0
2632,730,15604,5130,0,0,1,0
3954261,907,185,16589,0,0,1,0
613,169,122,71,0,0,0,0
5336,132,8362,2289,0,0,1,0
139867,1027,6711,10958,0,0,1,0
101905,750,1468,3714,1,0,1,0
1337,539,264,259,0,0,1,0
36,445,12,37,0,0,0,0
11473,1659,1321,5239,0,0,1,0
1193,2268,1437,2991,0,0,0,0
1191689,102,361,2568,0,0,1,0
1761958,1328,3832,26740,0,0,1,0
289,124,2524,2770,1,0,0,0
115,154,4,4158,0,0,0,0
104765,7128,3256,13703,0,0,1,0
581275,1671,399,54262,0,0,1,0
16,19,6,37,0,0,0,0
14732,491,1167,5376,0,0,1,0
120,173,99,14668,0,0,0,0
16845,10,0,446,0,0,0,0
118242,429,2752,5329,0,0,1,0
7941334,337,73,13696,0,0,1,0
7784893,478,31,3666,0,0,1,0
1818,3727,142,978,0,0,0,0
24,227,25,13,0,0,0,0
2671727,92031,100,58530,0,0,1,0
293227,745,826,10289,0,0,0,0
119,165,22,115,0,0,0,0
18747,1284,2148,675,1,0,0,0
122,821,3,16,1,0,0,0
221,1056,14344,3394,0,0,0,0
91,80,9,13524,0,0,0,0
987,244,2090,13859,0,0,0,0
5654090,1020,10588,107432,0,0,1,0
26243562,90,177,2650,0,0,1,0
6,9,0,9,1,1,0,0
11600,1271,5573,5832,0,0,1,0
2016,67,86,24,1,0,0,0
24244,24852,26,1568,0,0,0,0
177335,1609,4609,12818,0,0,1,0
3119501,10296,4007,10888,0,0,1,0
318163,759,125,22964,0,0,1,0
15,153,1375,29,1,0,0,0
13445608,202,3983,7784,0,0,1,0
147,875,341,296,0,0,0,0
49,1156,43,7,1,0,0,0
437194,389732,22862,19312,0,0,1,0
16079,1884,1619,5502,0,0,0,0
146,932,3,9,0,0,0,0
14,28,0,52,0,0,0,0
3848,1234,41,31379,0,0,1,0
16036429,8,0,310,1,0,1,0
31,88,244,184,1,0,0,0
173,335,17,242,0,0,0,0
358,177,1941,3246,1,0,0,0
3917025,401,15,47384,0,0,1,0
31,39,94,1856,0,0,0,0
66368,636,338,1976,0,0,1,0
158317,283,9,1372,0,0,1,0
4,29,2,109,1,0,0,0
177,608,98,191,0,0,0,0
2370,1394,13440,8528,0,0,0,0
4047,4042,23,3155,1,0,0,0
680,36,6,7068,1,0,0,0
14347,543,17549,7018,1,0,0,0
1422,2075,4953,31699,0,0,0,0
3500781,92,6003,26110,0,0,1,0
681,1988,1332,8826,0,0,0,0
3875,1256,1428,5375,0,0,0,0
638899,29303,554,9588,0,0,1,0
4487539,2383,436,5887,0,0,1,0
1951,125,10,170,1,0,0,0
86,228,2,15,1,0,0,0
747212,4206,209,18438,0,0,1,0
33451,130,124,2023,0,0,1,0
48,13,0,10,0,0,0,0
45663,285,5961,18715,0,0,1,0
96,241,600,527,0,0,0,0
13,88,6,10,1,0,0,0
2028,951,57,3284,0,0,1,0
968882,364,80,65697,1,0,1,0
3877,379,7220,4348,0,0,0,0
195974,949,1945,6786,0,0,1,0
1382376,2286,17873,23113,0,0,1,0
1030609,4200,746,18369,0,0,1,0
36,119,1,76,0,0,0,0
12036,1277,41387,40779,0,0,1,0
40,98,0,18,1,0,0,0
152,241,138,9795,0,0,0,0
121,255,0,83,1,0,0,0
16,81,0,1,0,0,0,0
193,268,139,4714,0,0,0,0
9,38,0,12,1,1,0,0
887384,343,1032,52594,0,0,1,0
10943449,501,186,547,0,0,1,0
206,486,2576,1696,0,0,0,0
1645,48,1,64,0,0,1,0
4119379,698,29,5551,0,0,1,0
443,770,2,237,0,0,0,0
53162,9697,13935,29466,1,0,0,0
321,420,22,411,0,0,0,0
89537,7950,10897,55289,0,0,1,0
118101,995,31928,24564,0,0,1,0
144137,1,1,377,0,0,1,0
15,53,396,279,1,0,0,0
2077766,113,74,2274,0,0,1,0
31289,167,1002,980,0,0,1,0
1219685,608,53,111113,0,0,1,0
912,1167,3953,23127,0,0,0,0
533222,3,0,790,0,0,0,0
20,126,3,86,0,0,0,0
9905,15,24,57,0,0,0,0
6965816,235,15,697,0,0,1,0
5927,991,7978,91535,0,0,0,0
53272,433,35444,3840,0,0,1,0
193168,0,0,96,1,0,1,0
22212,226,3,4457,0,0,1,0
17194019,143,40,853,0,0,1,0
2198503,178,10,2025,0,0,1,0
7467659,13,0,774,0,0,1,0
7867058,189,122,6639,0,0,1,0
33147,1220,3529,10893,0,0,1,0
423831,739,2305,4703,1,0,1,0
11530,448,122,546,1,0,1,0
30220786,3,0,31444,0,0,1,0
32463,0,54,264,0,0,0,0
232,238,2721,33238,0,0,0,0
397,684,5430,5649,1,0,0,0
73,116,12,288,1,0,0,0
7614166,62,0,4630,0,0,1,0
8217,2927,756,1396,0,0,1,0
489055,741,53,17634,0,0,0,0
1155105,6540,1795,14188,0,0,1,0
4797,1859,1402,3571,0,0,0,0
1780,820,587,1827,0,0,0,0
31364,976,99,3041,0,0,1,0
174,347,50,534,1,0,0,0
63,103,2,81,0,0,0,0
374,3,0,6426,0,0,0,0
1451736,455,11580,15000,0,0,1,0
65,248,149,106,1,0,0,0
416318,567,8652,4551,0,0,1,0
5,11,0,0,1,0,0,0
301788,46,0,177,1,0,1,0
863,743,579,1090,0,0,0,0
67,222,0,105,0,0,0,0
467278,5278,161887,131869,0,0,1,0
1617508,326,788,17816,0,0,1,0
2838072,261,27,15473,0,0,1,0
11,86,14,12,1,0,0,0
1696767,350,167,1362,1,0,1,0
5299213,72,698,2725,0,0,1,0
3165,4879,615,25509,1,0,0,0
314,272,2068,4439,0,0,0,0
5766,333,0,358,0,0,1,0
13,47,0,2,0,0,0,0
136,300,95,1748,0,0,0,0
2944752,555,32759,30143,0,0,1,0
259698,150,8,2571,0,0,1,0
301,285,1326,3379,0,0,0,0
85,254,159,431,0,0,0,0
346848,2306,2419,16244,0,0,1,0
8,170,1538,14,1,0,0,0
482,661,570,756,0,0,0,0
398626,1141,2348,39023,0,0,1,0
3221,868,26430,17725,0,0,0,0
165,993,82,131,1,0,0,0
324,340,1051,273,0,0,0,0
2072685,636,12477,65353,0,0,1,0
506,257,1863,34250,0,0,0,0
2676782,224,645,4278,0,0,1,0
994,4663,16205,6836,0,0,0,0
590265,440,451,3698,0,0,1,0
32,79,0,493,0,0,0,0
507,1655,2835,3053,0,0,0,0
369,783,161,875,1,0,0,0
493450,509,51,15252,0,0,1,0
45736,1,1,18,1,0,0,0
29606,28121,15310,741849,1,0,0,0
259,991,0,0,1,0,0,0
947,1587,5482,23747,1,0,0,0
28474,970,18,9767,0,0,1,0
521,473,78,2377,0,0,0,0
91,78,261,742,0,0,0,0
21552,661,8249,4166,0,0,0,0
323,983,1900,4537,0,0,0,0
24,188,52,139,1,0,0,0
11443,227,1128,794,1,0,0,0
73,265,43,237,0,0,0,0
45,126,1024,85,1,0,0,0
240,2,0,3622,0,0,0,0
83720371,244,2103,4161,0,0,1,0
32,1589,0,2,1,0,0,0
9548,4779,29,1931,0,0,0,0
7973,6,1,702,0,0,1,0
39,174,7,33,0,0,0,0
1145,1005,1614,6848,0,0,0,0
253,168,9844,12884,0,0,0,0
290004,101,207,392,1,0,1,0
13393,994,4163,6454,0,0,1,0
809524,185,250,22610,0,0,1,0
968219,1348,1320,31719,0,0,1,0
381,197,2822,3064,0,0,0,0
139,742,119,329,0,0,0,0
378,207,33,451,1,0,0,0
2381045,78,25,13979,0,0,1,0
756810,286,430,897,0,0,1,0
130177,380,733,3466,0,0,1,0
27878790,1688,0,14354,0,0,1,0
2143,661,3322,13160,0,0,0,0
12,110,1,10,1,0,0,0
5698734,1417,68,25791,0,0,1,0
99465,958,352,3422,0,0,1,0
1985,1941,11191,9367,0,0,1,0
1437839,334,123,6637,0,0,1,0
1175,1988,340,641,0,0,0,0
947282,80,19,340,0,0,1,0
57,202,8,30,0,0,0,0
64,90,322,226,1,0,0,0
325,484,4,358,0,0,0,0
303837,44,6,295,0,0,1,0
268,691,700,7006,0,0,0,0
687819,289,4662,16654,0,0,1,0
14896759,78,38,1361,1,0,1,0
15770327,546,636,12438,0,0,1,0
1434,4374,24,61024,0,0,0,0
5904,5767,5044,381,0,0,0,0
349930,845,70,20775,1,0,1,0
227,375,94,209,1,0,0,0
83078,368,10,7708,0,0,1,0
13,25,7,0,0,0,0,0
250,410,3650,837,0,0,0,0
513333,243,48,1707,0,0,1,0
91,159,74,80,1,0,0,0
140359,119,6255,4943,0,0,1,0
5458,4382,27939,6819,0,0,0,0
41,182,57,65,1,0,0,0
79,244,821,4018,0,0,0,0
4125,4064,64325,90448,0,0,0,0
9,30,0,6,1,1,0,0
33419,1245,1584,8469,0,0,1,0
820444,505,1557,1884,0,0,1,0
383,531,5447,8275,0,0,0,0
13519,32,2053,1311,1,0,0,0
287,597,16386,5830,0,0,0,0
1549,734,2312,12909,0,0,0,0
1117918,750,142,37334,0,0,1,0
49,475,693,8,0,0,0,0
156924,1274,185,53377,0,0,1,0
138,478,31,258,0,0,0,0
910,1008,1701,2441,0,0,0,0
173393,89,112,551,0,0,1,0
25076,4654,100,11838,0,0,1,0
1825704,7,20,3781,0,0,1,0
2686362,300,978,14498,0,0,1,0
4358,850,3257,3047,0,0,1,0
775,953,319,428,1,0,0,0
346,280,1736,6008,0,0,0,0
116573,1280,5628,33071,0,0,1,0
8637650,2001,81,9769,0,0,1,0
1737956,664,2366,11089,0,0,1,0
318,189,3354,5456,0,0,0,0
4440,423,18,2229,0,0,1,0
4255,267,564,577,0,0,1,0
533146,454,111,9671,0,0,1,0
10576,91,731,12888,0,0,0,0
29,207,8,7,1,0,0,0
1676505,246,116,15668,0,0,1,0
3878570,652,18,20050,0,0,1,0
426,602,1143,6719,0,0,0,0
5273,293,377,6636,0,0,0,0
3342242,799,3517,5428,0,0,1,0
2,30,0,2,1,0,0,0
9942665,462,13946,7312,0,0,1,0
7519,7,93,11363,0,0,0,0
35,105,9,17,0,0,0,0
632,290,21124,32183,0,0,0,0
78,41,6628,4249,1,0,0,0
65691,2176,29498,44708,0,0,1,0
202929,605,3278,25837,0,0,1,0
125901,1791,1151,5252,0,0,1,0
908,1047,1544,1639,0,0,0,0
265,238,139,534,0,0,0,0
193,208,851,4047,0,0,0,0
33713,37,5,768,0,0,1,0
1961954,420,879,1389,1,0,1,0
69,586,39359,9474,0,0,0,0
9446,1020,14328,11364,0,0,1,0
17289,127,3432,5383,0,0,1,0
405,324,1461,29930,0,0,0,0
1344610,2006,949,11970,0,0,1,0
278,3370,485,48,1,0,0,0
8313,2,0,532,1,0,1,0
9005238,781,5483,10714,0,0,1,0
51314111,392225,2358,5126,0,0,1,0
46,54,39,194,0,0,0,0
45,146,7,36,0,0,0,0
1336587,512,2208,17125,0,0,1,0
25253,152,1582,36172,0,0,1,0
92,97,0,1436,0,0,0,0
57,150,2,749,0,0,0,0
162,303,302,435,0,0,0,0
1647,36,59,107,1,0,0,0
5324,184,1350,2631,0,0,1,0
4656143,1267,2456,11252,0,0,1,0
482,987,731,405,1,0,0,0
18,346,24,109,1,0,0,0
2022,690,6544,5234,0,0,0,0
4870150,41019,5886,57218,0,0,1,0
5167871,55,18897,118147,0,0,1,0
2,5,3,6,1,0,0,0
1109011,2190,1117,19387,0,0,1,0
198296,562,5106,7014,0,0,1,0
203,97,1218,570,0,0,0,0
6569,608,1600,1212,0,0,1,0
66500,2456,223,25109,0,0,1,0
7,19,16,13,1,0,0,0
726,85,2580,1013,0,0,0,0
250,523,3313,596,0,0,0,0
22527443,52,21,55709,0,0,1,0
1683151,754,297,33056,0,0,1,0
3159194,408,13,5701,0,0,1,0
2985240,956,62,13677,0,0,1,0
96486,572,2104,3385,0,0,1,0
35169,718,2907,3764,1,0,1,0
85681083,630949,10,15439,0,0,1,0
124,160,11,542,0,0,0,0
3660670,279,1816,7446,0,0,1,0
12790920,24,0,763,0,0,1,0
12,161,8,269,0,0,0,0
7,55,0,19,1,0,0,0
645,652,598,359,1,0,0,0
13992,1211,246,1109,0,0,0,0
164514,57213,2273,60041,0,0,0,0
234332,357,3788,4840,1,0,0,0
386,539,1851,4672,0,0,0,0
803334,9226,2529,33583,0,0,1,0
2833,6,0,11889,1,0,0,0
2605029,171,1,3818,0,0,1,0
537,390,139,4150,0,0,0,0
353,227,5897,8010,0,0,0,0
179,684,0,1421,1,0,0,0
24022023,353,1007,1566,0,0,1,0
13,130,0,8,1,0,0,0
14709,2975,1422,340788,0,0,0,0
1568426,828,1670,3017,0,0,1,0
51782,587,1021,435,1,0,1,0
19306,33,1576,1587,0,0,1,0
16,137,2,3,1,0,0,0
3273,3296,34,3374,1,0,0,0
4520644,2041,13280,9362,0,0,1,0
45601,138,1218,2516,1,0,1,0
217,1207,333,918,0,0,0,0
956,406,288,2317,0,0,0,0
96321564,203,4272,7837,0,0,1,0
88,259,3,12,0,0,0,0
365,1751,24,13618,0,0,0,0
903862,8,1,21057,0,0,0,0
1569900,81,4,1153,0,0,1,0
128,133,0,1969,0,0,0,0
1059,3599,1150,17857,0,0,0,0
1806,1146,1671,2597,0,0,0,0
6964,322,2030,5099,0,0,1,0
464418,373,43,4906,0,0,1,0
206,295,1506,13562,0,0,0,0
348713,976,1762,32693,0,0,1,0
2916050,440,3195,10546,0,0,1,0
14316643,44,45,1080,0,0,1,0
2028,615,95,942,0,0,0,0
10,106,6,10,1,0,0,0
189143,4853,207,31170,0,0,1,0
137,843,11395,3361,1,0,0,0
43,8,1,403,1,0,0,0
6962978,724,524,2357,0,0,1,0
44,67,0,954,1,0,0,0
132,538,25,25,1,0,0,0
5390,58,145,2222,0,0,1,0
17342,276,1143,6038,0,0,1,0
175233,791,41,18087,0,0,1,0
6696,5379,756,5688,0,0,0,0
90,62,68,5453,0,0,0,0
8740007,9,1127,36200,0,0,1,0
28,80,2,225,0,0,0,0
38,431,12,16,0,0,0,0
47159,363,485,13111,0,0,1,0
10,69,9,1074,1,1,0,0
475342,875,945,18352,0,0,1,0
32,30,11,12,1,0,0,0
301,786,561,1814,0,0,0,0
24,85,11,7,1,1,0,0
7725360,40,386,2710,0,0,1,0
8674,50,47,354,1,0,0,0
374816,1090,7960,22667,0,0,1,0
743,1555,357,2410,0,0,0,0
175303,12,0,25,0,0,1,0
19282828,1508,814,6416,0,0,1,0
4689644,957,7016,66208,0,0,1,0
10648215,178,168,19489,1,0,1,0
10599,2788,270098,6111,0,0,1,0
40307926,1734,6375,10480,0,0,1,0
67748,2194,1619,4756,0,0,1,0
709357,25237,1448,6625,0,0,1,0
228,335,73,697,0,0,0,0
458212,710,4586,7554,0,0,1,0
151,437,96,810,0,0,0,0
76975,197,4131,1743,0,0,1,0
23611,706,1345,9842,0,0,1,0
1475745,2372,1616,17002,0,0,1,0
10100,31,897,2090,1,0,0,0
89,64,164,249,1,0,0,0
61,66,0,255,0,0,0,0
96801,310,23,25003,0,0,1,0
4126,4721,1959,8386,0,0,0,0
368069,620,7263,13659,0,0,1,0
416856,35568,1215,3013,0,0,1,0
141730,582,24,1281,1,0,1,0
43,269,2,27,1,0,0,0
1359462,978964,11517,16099,0,0,1,0
46472564,1272,135,4200,0,0,1,0
94472,66,336,857,0,0,1,0
24,17,0,3064,0,0,0,0
1182355,272,2498,9677,0,0,1,0
266,1090,553,379,1,0,0,0
7,68,8,15,1,0,0,0
46,70,205,173,0,0,0,0
1738,255,1880,2120,1,0,0,0
411,2060,115,250,0,0,0,0
5917438,1419,1365,19002,0,0,1,0
11003417,0,423,7628,0,0,1,0
743721,55,7,8332,0,0,0,0
61,726,826,232,1,0,0,0
15307,774,843,2786,0,0,1,0
4,14,18,29,1,1,0,0
2786,2608,34817,36290,0,0,0,0
70,354,60,5074,0,0,0,0
724989,751,97,4179,0,0,1,0
1353547,11248,2013,24483,0,0,1,0
2936656,779,1188,37440,0,0,1,0
376564,423,5306,1747,0,0,1,0
375395,856,1051,12859,0,0,1,0
215,162,421,2450,0,0,0,0
210,95,398,9462,0,0,0,0
41,72,2737,9615,0,0,0,0
2018998,2367,1733,11443,0,0,1,0
19088,700,1948,9310,0,0,1,0
167,272,73,634,0,0,0,0
214,746,155,1177,0,0,0,0
19309,1202,254,5036,0,0,1,0
207,746,1690,794,1,0,0,0
1527,777,28218,42282,0,0,0,0
57,947,0,25,1,0,0,0
212,163,4,225,0,0,0,0
156517,956,29,21659,0,0,1,0
23008,183,0,4575,0,1,0,0
177,459,3950,2248,0,0,0,0
1044180,557,5,2389,0,0,1,0
9,21,19,6,1,0,0,0
3664718,35,1,770,0,0,1,0
49222,8,19,489,1,0,0,0
777,614,690,499,0,0,0,0
47395,1099,714021,24623,0,0,1,0
180,145,411,180,1,0,0,0
588,1532,268,6773,0,0,0,0
27,87,78,63,0,0,0,0
97,279,42,16,0,0,0,0
7088,354,546,309,1,0,0,0
24,12,0,59,0,0,0,0
59480,26,2295,11879,0,0,1,0
442,1239,18,1617,0,0,0,0
116,216,40,2440,0,0,0,0
821,1279,246,585,0,0,0,0
23290650,319,115,53864,0,0,1,0
73,395,0,2187,0,0,0,0
1209026,559,19,5019,0,0,1,0
243122,303,5,2725,0,0,1,0
3012,729,10678,14560,0,0,0,0
1120752,8561,14350,9872,0,0,1,0
5,19,0,9,1,1,0,0
3706945,69092,31627,63643,0,0,1,0
1040765,558,215,4703,1,0,1,0
1584,432,424,360,0,0,0,0
62,121,432,1260,0,0,0,0
11695916,274,21313,32146,0,0,1,0
251768,8274,847,9902,0,0,1,0
37,88,0,39,0,0,0,0
2633,2086,555,9628,0,0,0,0
292043,4643,9625,37195,0,0,1,0
8932,1015,32932,19498,0,0,1,0
133553,95060,1453,40763,0,0,0,0
32,70,0,4,1,0,0,0
216,50,423,9957,0,0,0,0
1202,255,510,1019,0,0,0,0
20,195,1,32,1,0,0,0
235449,104,410,3143,0,0,1,0
1270,876,5630,17894,1,0,0,0
56,295,16,102,0,0,0,0
0,297,262,36,1,1,0,0
661893,504,110,12036,0,0,1,0
142786,239,40,2192,1,0,1,0
443,497,1555,1202,1,0,0,0
31942389,373,82,8453,0,0,1,0
40,141,0,292,0,0,0,0
8530951,890,1860,151681,0,0,1,0
301,550,4017,42931,0,0,0,0
49468,46,418,10015,0,0,0,0
59756,1134,7356,8334,0,0,1,0
41748,687,73,2960,0,0,1,0
6,98,0,1,1,0,0,0
86,397,1347,160,0,0,0,0
53,400,1678,136,1,0,0,0
58300207,233,40,3589,0,0,1,0
2665,699,5668,5844,0,0,0,0
88,231,9,184,0,0,0,0
91,1688,0,16,1,0,0,0
905,1,9,102189,1,0,0,0
0,10,0,1,1,0,0,0
2811,1211,3409,12150,0,0,0,0
246,251,3221,1642,1,0,0,0
320964,1114,3956,59792,0,0,1,0
465,903,1179,6405,0,0,0,0
858,597,4620,11519,0,0,0,0
57,67,15,1295,0,0,0,0
5445575,357,3799,3529,1,0,1,0
1247114,411,68,1585,0,0,1,0
52199,482,25011,18263,0,0,1,0
13725,429,14931,4044,1,0,0,0
2,75,0,0,1,1,0,0
84,103,107,158,0,0,0,0
1511303,0,0,263,1,0,1,0
455,137,169,254,1,0,0,0
131,181,3,10,0,0,0,0
224,781,0,5,1,0,0,0
426854,892,399,48381,0,0,1,0
147,104,231,6097,0,0,0,0
111,329,2,1978,0,0,0,0
68,133,9,1817,0,0,0,0
269,0,0,1571,0,0,0,0
784689,5265,0,42520,0,0,1,0
3490480,448,22,3966,0,0,1,0
20997,567,433,1927,0,0,1,0
5293996,101,23,5172,0,0,1,0
64350,56,2197,4557,0,0,1,0
5,5,2,29,0,0,0,0
54,54,264,104,1,0,0,0
219,408,18,435,0,0,0,0
14014,202,257,5079,0,0,1,0
15,84,28,25,0,0,0,0
7886947,239,4533,1637,0,0,1,0
26522,1533,2793,11373,0,0,1,0
12,14,3,27,1,0,0,0
126,253,19,411,1,0,0,0
61546,3,0,231,0,0,1,0
15,59,0,5,1,0,0,0
43,116,273,145,1,0,0,0
1075,455,964,1851,0,0,0,0
38,75,0,496,0,0,0,0
11980,8927,20,20015,0,0,0,0
4651330,509,3060,3545,0,0,1,0
5616,276,0,452,1,0,0,0
370,595,10406,2460,1,0,0,0
804,503,4875,4846,1,0,0,0
9374054,663,491,66,0,0,1,0
19779,308,5053,7046,0,0,0,0
8244,485,148,1715,0,0,1,0
6374,422,723,459,1,0,1,0
188,663,8715,14158,0,0,0,0
4932,959,3469,2431,1,0,0,0
138,332,71,924,1,0,0,0
519,1836,36,139,0,0,0,0
21,114,0,7,0,0,0,0
60,131,392,108,1,0,0,0
1717,25,0,9,1,0,0,0
15,78,1,186,0,0,0,0
15,23,2,2,0,0,0,0
48,64,299,93,1,0,0,0
5183570,1840,12,1985,0,0,1,0
403994,654,34,16482,0,0,1,0
25,166,0,12,1,1,0,0
1878,262,109,1718,0,0,0,0
455598,204,196,1104,1,0,1,0
12825837,31,41,4326,0,0,1,0
4178299,400,93,12290,0,0,1,0
398,247,9404,13063,0,0,0,0
2039677,0,2,9256,0,0,1,0
480088,116,7,4435,0,0,1,0
2753,683,3403,4542,0,0,0,0
4459,911,976,8532,0,0,0,0
0,20,0,2,1,0,0,0
237,368,13,87,0,0,0,0
212,922,684,259,0,0,0,0
159,242,13,292,1,0,0,0
238,169,0,225216,1,0,0,0
31872,460,865,13838,0,0,1,0
683,1411,9,645,0,0,0,0
3211350,23,751,8867,0,0,1,0
187,292,0,5495,0,0,0,0
14240,406,402,1186,0,0,1,0
258608,719,208,3353,0,0,1,0
129,88,2,54,0,0,0,0
738119,33,6,1125,0,0,1,0
25,14,69,282,0,0,0,0
278002,2831,19491,29298,0,0,1,0
5852,254,151,5926,0,0,1,0
84127,11349,27745,84045,0,0,1,0
1002080,208,49,2293,0,0,1,0
81,60,31,20,1,0,0,0
5262,291,0,969,0,0,0,0
50,268,5,20,0,0,0,0
208,768,970,4057,0,0,0,0
94,389,1,132,0,0,0,0
97,245,249,1086,0,0,0,0
13071,12939,315,1778,1,0,0,0
14526527,7109,11833,28809,0,0,1,0
50441,197,2783,4652,0,0,1,0
44697,415,2530,4654,0,0,1,0
2226900,2284,847,19873,0,0,1,0
3885,333,153,2100,1,0,0,0
227013,1,0,210,0,0,1,0
104,126,9,21,1,0,0,0
3662977,502,3332,6077,0,0,1,0
203,2231,693,36,1,0,0,0
700,568,3521,21746,0,0,0,0
4426,2604,551,5250,0,0,0,0
1221007,14466,3216,12793,0,0,1,0
428,483,5050,2195,0,0,0,0
44,99,20,24,0,0,0,0
750,566,35,5458,0,0,0,0
277538,241,88,8341,0,0,1,0
35,321,6143,82,0,0,0,0
13,61,8,1,1,0,0,0
351335,19,395,25,0,0,1,0
17032,276,751,3121,0,0,0,0
554,1188,1579,25119,0,0,0,0
39454,592,848,15890,0,0,1,0
166,497,2928,1660,0,0,0,0
1106,4998,119,136,0,0,0,0
61,146,77,82,1,0,0,0
45,140,734,596,1,0,0,0
192,304,128,119,0,0,0,0
6719130,82,329,1317,0,0,1,0
86,184,6048,6128,0,0,0,0
302,249,953,17338,0,0,0,0
9,30,0,1,1,0,0,0
779,471,271,278,0,0,0,0
1229427,337,18,440,0,0,1,0
59,94,5,65,0,0,0,0
14722,12377,4033,3551,0,0,0,0
297738,328,17,2639,0,0,1,0
26,240,3,141,1,0,0,0
585497,415,11932,21729,0,0,1,0
234,230,82,248,1,0,0,0
171,523,4186,6162,0,0,0,0
57664,97,808,2675,0,0,1,0
266,284,15684,6938,0,0,0,0
25,223,0,28,0,0,0,0
6755,207,474,2370,0,0,1,0
181791,2646,43,3642,0,0,1,0
48848,88,1,705,0,1,0,0
67,84,2,932,0,0,0,0
544,664,25216,20266,0,0,0,0
22667,880,509,6306,0,0,0,0
46135,296,3601,10025,1,0,0,0
112,155,392,4620,0,0,0,0
715,1793,0,11059,0,0,0,0
645,1303,934,6610,0,0,0,0
6,91,1,1,1,0,0,0
36,183,12,27,0,0,0,0
10,36,0,13,1,0,0,0
8741,343,9665,21046,0,0,0,0
12548,2061,231,18570,0,0,1,0
120,248,2893,1407,1,0,0,0
14,73,0,47,1,0,0,0
18706,714,286,23268,0,0,1,0
553041,182,770,1492,0,0,1,0
8234316,254,3,6123,0,0,1,0
12,115,0,28,1,0,0,0
5,16,0,2,1,0,0,0
147,282,38,646,0,0,0,0
564,365,1221,1917,0,0,0,0
161,1845,44,607,0,0,0,0
270,89,16931,17273,0,0,0,0
14448,699,5322,6444,0,0,1,0
44865,113,907,3460,0,0,1,0
36,7,0,2,1,0,0,0
3088771,10567,3101,59965,0,0,1,0
54490,772,602,5576,0,0,0,0
93,272,0,0,1,0,0,0
57784,7168,55,8286,0,0,1,0
2199,1029,1321,2930,0,0,0,0
214,265,24,816,0,0,0,0
64,436,60,14,0,0,0,0
130,1156,351,152,1,0,0,0
18,92,14,7,1,0,0,0
2588083,207,41,1915,0,0,1,0
12,16,0,15,1,0,0,0
6758,475,2735,2869,0,0,0,0
85,334,0,5609,0,0,0,0
653,1177,207,2321,1,0,0,0
115,111,20,7624,0,0,0,0
15,65,0,65,0,0,0,0
3965867,6,0,2245,0,0,1,0
2641,3259,1,203,1,0,0,0
344,158,78,959,0,0,0,0
50408557,108,0,22721,0,0,1,0
999,968,398,1027,0,0,0,0
98,827,2237,1647,0,0,0,0
1803900,460,421,5624,0,0,1,0
2135538,511,6,6781,1,0,1,0
110,219,2,57,1,0,0,0
32,54,10,16,1,0,0,0
26318809,354,26,4642,0,0,1,0
1595,1392,1290,2054,1,0,0,0
12640,83,428,902,1,0,0,0
957244,372,3345,305,0,0,1,0
5524,58,1,39,1,0,0,0
348,302,8413,2578,0,0,0,0
823,450,733,17880,0,0,0,0
208,858,4073,1556,1,0,0,0
3501,2560,7,1258,0,0,1,0
160,239,94,748,0,0,0,0
80290,5909,4660,19203,0,0,1,0
770356,356,26,17854,0,0,1,0
1633238,31049,6642,5506,0,0,1,0
49,237,83,1542,0,0,0,0
84477,2,405,4193,0,0,0,0
291,1736,0,543,1,1,0,0
50,128,25,15,1,0,0,0
1674200,269,120,4682,0,0,1,0
9303960,2411,4,5123,0,0,1,0
21,240,139,209,1,0,0,0
5864587,302,15,13740,0,0,1,0
16,116,13,18,1,0,0,0
48,307,14,173,0,0,0,0
6,84,1,3,1,0,0,0
1511321,3018,209,12398,0,0,1,0
99158,2692,150,16524,0,0,1,0
3525964,623,269,10793,0,0,1,0
2468308,889,1141,8707,0,0,1,0
66,481,369,530,0,0,0,0
2133107,50,2,1337,0,0,1,0
3062495,9465,2192,6851,0,0,1,0
10,62,0,144,1,0,0,0
879,2238,153,2171,1,0,0,0
1182904,501,14,37753,0,0,1,0
25437224,1142,56,56037,0,0,1,0
85,129,18,2163,0,0,0,0
9,54,100,49,1,0,0,0
1707,4860,3001,13363,0,0,0,0
4050,243,241,717,0,0,0,0
86657,933,9061,124550,0,0,1,0
55469,4306,29095,58890,0,0,1,0
25893,54,759,638,1,0,0,0
8576144,1135,711,54854,0,0,1,0
343,55,2,55,0,0,0,0
1469,505,5,264,0,0,1,0
191,347,331,434,1,0,0,0
4419,1982,550,6764,0,0,0,0
98,1581,0,125,0,0,0,0
2651471,519,1316,2078,1,0,1,0
951201,37234,2148,11766,0,0,1,0
401,850,941,4604,0,0,0,0
5280949,321,799,5183,0,0,1,0
527,992,9892,1319,1,0,0,0
876,1263,253,1271,1,0,0,0
1533,334,505,1346,0,0,0,0
12865,2019,3153,5622,1,0,1,0
2775633,139,20,426,0,0,1,0
149,65,60,95,0,0,0,0
61191,1194,5313,16821,1,0,1,0
902052,2085,3260,47987,0,0,1,0
229,1331,0,16,1,0,0,0
2530820,840,2137,104891,0,0,1,0
835901,36,18,289,0,0,1,0
264229,1376,19928,1854,0,0,1,0
95,119,0,27,1,0,0,0
4,10,0,1,0,0,0,0
631587,253,3131,9532,0,0,1,0
28610,667,505,224,0,0,0,0
78913,4643,1117,12368,0,0,1,0
126545,583,452,5723,0,0,1,0
183414,268,1970,15148,0,0,1,0
3459,2282,3888,57256,0,0,0,0
23,39,4,11,1,0,0,0
251,545,5095,2317,0,0,0,0
363,345,620,3361,0,0,0,0
5861,233,2,903,0,0,1,0
211,355,5017,5122,1,0,0,0
914,996,923,7302,0,0,0,0
739,827,438,734,1,0,0,0
483,1807,0,365,0,0,0,0
53028,10,0,25,1,0,1,0
101,85,579,133,1,0,0,0
5730,301,26,1741,0,0,1,0
1399,1705,2232,6309,0,0,0,0
521127,194,33,480,0,0,1,0
505217,276,17,4307,0,0,1,0
178,179,15,268,0,0,0,0
161853,163,1423,4643,0,0,1,0
48,231,0,4,0,0,0,0
263,279,72,247,0,0,0,0
132,788,0,355,0,1,0,0
5083,415,0,528,0,0,1,0
10689,3143,704,12265,0,0,0,0
523,958,474,13501,0,0,0,0
127,156,1,1104,0,0,0,0
130170,986,1860,55222,0,0,1,0
1986,4055,1175,10207,1,0,0,0
12,62,3,2,1,0,0,0
55329,6144,961,4660,0,0,1,0
8,74,1,1,1,0,0,0
280,366,2129,504,0,0,0,0
793,483,9722,7822,0,0,0,0
151,271,330,541,1,0,0,0
371,277,1,6961,0,0,0,0
1084015,85,444,10866,0,0,1,0
2549,4073,2351,3472,1,0,0,0
4422993,0,20,19425,0,0,1,0
20,144,18,452,1,0,0,0
34761,8841,36,51459,0,0,1,0
129708,331,3176,10012,0,0,1,0
57,119,932,662,1,0,0,0
194239,152,3075,3418,1,0,0,0
532,166,44,15503,0,0,0,0
290,816,685,7156,1,0,0,0
25737872,130,1,13310,0,0,1,0
541776,2921,2943,3321,0,0,1,0
1739974,722,10959,9258,0,0,1,0
1081,1275,694,1490,1,0,0,0
530,720,74,774,0,0,0,0
2982,794,4950,1501,0,0,1,0
749,277,467,503,0,0,0,0
116878,366,337,1000,0,0,1,0
334504,845,0,19323,0,0,1,0
310,1056,11675,3335,0,0,0,0
168,135,6330,14,1,0,0,0
20404,298,1547,15372,0,0,1,0
4596596,142,194,1651,0,0,1,0
1568703,5268,262,9244,0,0,1,0
9263,502,3029,14659,0,0,1,0
102,218,294,354,0,0,0,0
459,978,0,28129,1,1,0,0
29432,217,2108,757,1,0,1,0
132,295,5,46,0,0,0,0
1872554,524,86,3890,0,0,1,0
54876,794,1427,10376,0,0,1,0
5089526,13076,296,4267,0,0,1,0
11732,1,2557,906,1,0,1,0
16288,1002,5014,9108,0,0,0,0
758,2118,289,3851,0,0,0,0
2051,200,11623,22253,0,0,0,0
67937,1644,4875,13542,0,0,1,0
6326,319,4199,18426,0,0,0,0
4,191,1,1,1,0,0,0
20537,1689,8802,18762,0,0,1,0
70181502,1135,990,9903,0,0,1,0
20305,176,173,581,1,0,1,0
121588,516,773,39840,0,0,1,0
899271,202,103,2204,0,0,1,0
87459,1403,8060,16281,0,0,1,0
32,165,216,60,1,0,0,0
11866,4921,1357,45225,0,0,1,0
2244332,7320,114,34337,0,0,1,0
4593,4872,74383,32930,1,0,0,0
555,568,5278,1224,1,0,0,0
10015,2028,4530,29524,0,0,0,0
2908,1179,5451,16556,0,0,1,0
7182947,515,782,7512,0,0,1,0
1742701,29,940,7029,0,0,1,0
352929,373,26,26938,0,0,1,0
1477,4737,502,1778,0,0,0,0
199,580,44909,15504,0,0,0,0
296697,785,3887,21427,0,0,1,0
1458,1593,2,728,0,0,0,0
117,440,16,251,0,0,0,0
1874021,884,746,8228,0,0,1,0
4681963,619,31,7904,0,0,1,0
29978,431,705,10347,0,0,1,0
998,381,14,2943,0,0,0,0
564,262,2954,1018,1,0,0,0
4095667,947,4,26500,0,0,1,0
10,37,35,2,1,1,0,0
59,1056,84,104,0,0,0,0
1176260,1614,2403,9166,0,0,1,0
620714,1562,4692,10864,0,0,1,0
1496983,255,854,166435,0,0,1,0
916,138,1112,5413,1,0,0,0
13170,3107,1170,9557,0,0,1,0
15511,9888,1942,2807,1,0,1,0
122,124,5574,92,1,0,0,0
152,2418,203,723,0,0,0,0
55859,598,92644,65098,0,0,1,0
1342,171,47,527,1,0,0,0
435871,2337,575,27102,0,0,1,0
357722,14727,246,3360,0,0,1,0
549861,502,899,10992,0,0,1,0
946,400,1310,571,0,0,0,0
40,335,63,40,1,0,0,0
197,3922,353,65,0,0,0,0
2017432,1404,53,29873,0,0,1,0
32,174,11,0,1,0,0,0
103,93,60,379,0,0,0,0
600,818,656,1328,0,0,0,0
218,167,105,306,0,0,0,0
22,94,0,10,0,0,0,0
48020,4324,365,8886,0,0,0,0
31,73,1,1240,0,0,0,0
829840,823,1789,6592,0,0,1,0
9,24,6,30,1,0,0,0
53791,931,26220,120564,0,0,1,0
310472,475,975,29042,0,0,1,0
32,97,0,56,0,0,0,0
13860,300,20690,2950,0,0,1,0
210,532,146,2275,0,0,0,0
323,384,631,617,0,0,0,0
473692,102847,49069,28113,0,0,1,0
55,53,0,43,0,0,0,0
206,686,137,870,0,0,0,0
108643,136,567,5495,0,0,1,0
44361817,66134,31965,39972,0,0,1,0
65,493,998,646,0,0,0,0
1145274,721,647,89050,0,0,1,0
318616,6241,15915,18906,0,0,1,0
682267,142678,153,8663,0,0,1,0
89,329,3,498,0,0,0,0
37,646,77,165,1,0,0,0
3784,1110,12129,9867,0,0,0,0
1460,1462,11133,14692,1,0,0,0
3,58,0,1,1,0,0,0
15,59,18,34,0,0,0,0
108372,221,345,889,0,0,1,0
94,53,1,2514,0,0,0,0
13146,952,58,2721,1,0,0,0
7441109,0,7,4782,0,0,1,0
59,51,0,103,0,0,0,0
1340385,1717,78,45976,0,0,1,0
469948,57,66,469,1,0,1,0
78,79,56,2926,0,0,0,0
1188889,955,48,16962,0,0,1,0
9776136,103,506,6347,0,0,1,0
4096944,55313,7335,99230,0,0,1,0
8213,2704,3812,2141,0,0,1,0
15470731,1,9,4176,0,0,1,0
347268,192,18,5816,0,0,1,0
272893,3053,202,4283,0,0,1,0
126771,368,887,14634,0,0,1,0
12056489,78,16,2380,0,0,1,0
84,166,138,137,0,0,0,0
21010,2734,1659,13171,0,0,0,0
2234,592,8,1248,0,0,1,0
15,9,0,2,0,1,0,0
13799,1776,1312,10413,0,0,0,0
1392,4739,3533,6096,1,0,0,0
2932,997,1400,619,0,0,1,0
4214,0,0,4368,0,0,0,0
4209,1397,29910,8802,1,0,0,0
106,87,30,6620,0,0,0,0
188,593,107,516,0,0,0,0
35553,852,48,17444,0,0,1,0
82,376,562,43,1,0,0,0
2376,19,1,14,1,0,0,0
1309,162,1304,665,0,0,0,0
584886,106,74,16096,0,0,1,0
259,2107,89,166,1,0,0,0
5239367,1228,1283,26529,0,0,1,0
13123,301,2516,1845,1,0,1,0
6013,1996,56485,10759,0,0,0,0
70,156,8,168,1,0,0,0
300955,218994,3114,573,0,0,0,0
92,285,1,9,1,0,0,0
1373222,588,3854,15663,0,0,1,0
1520777,985943,509,142368,0,0,1,0
110,190,503,736,0,0,0,0
44,58,134,304,1,0,0,0
495530,2155,3408,4325,0,0,1,0
7,42,0,1,1,0,0,0
53,216,121,258,1,0,0,0
3787784,570,629,12513,0,0,1,0
2887328,113891,1817,4340,0,0,1,0
770154,2,1,2170,0,0,1,0
6,65,0,3,1,1,0,0
41913,907,393,14131,0,0,1,0
1438,330,21033,23210,1,0,0,0
237,700,8563,6543,1,0,0,0
88,1375,196,11,0,0,0,0
2005920,30590,8,6442,0,0,1,0
2617549,663,478,3830,0,0,1,0
504,945,753,2038,0,0,0,0
135,398,59,1082,0,0,0,0
242539,226,708,4087,0,0,1,0
101094,166,239,1447,0,0,1,0
245,1296,1151,675,1,0,0,0
3194846,409,87,8410,0,0,1,0
85126,2,0,189,0,0,1,0
7660,634,2608,6817,1,0,0,0
2673,416,82,2818,0,0,0,0
5,14,0,2,1,0,0,0
46278,304,2172,4238,0,0,1,0
447,1463,556,3069,0,0,0,0
211,114,36,25528,0,0,0,0
16620010,516,687,19579,0,0,1,0
6178,2010,464,2641,0,0,0,0
20,75,59,294,1,0,0,0
3041209,2056668,9892,129,0,0,1,0
588,3676,1586,84,1,0,0,0
34324,121,124,2503,0,0,0,0
10958029,686,4635,3843,0,0,1,0
188115,583,8225,12306,0,0,1,0
1257260,1109,0,20404,0,0,1,0
7078,491,5269,4678,0,0,1,0
19,26,15,4,1,0,0,0
51,102,37,26,1,0,0,0
14,51,0,3,1,0,0,0
431,168,1300,32430,0,0,0,0
72,447,0,59,1,1,0,0
56,184,124,315,0,0,0,0
220,694,1313,2509,1,0,0,0
524,1728,0,2341,0,0,0,0
2118316,37481,5231,40701,0,0,1,0
226643,347,2469,7937,0,0,1,0
706845,600,432,6257,0,0,1,0
12129428,1844,4109,37438,0,0,1,0
8947,7878,27790,44401,0,0,0,0
735,1555,699,586,1,0,0,0
18,50,9,22,1,0,0,0
11,49,4,4,1,0,0,0
429499,239,889,3413,0,0,1,0
344,458,4941,3522,1,0,0,0
307889,637,12561,16928,0,0,1,0
355,728,1868,29803,0,0,0,0
4403951,1929,18,33058,0,0,1,0
10020,27,0,14477,0,0,0,0
11497,139,9595,2474,1,0,1,0
12,116,0,43,0,0,0,0
17701,12166,2846,7473,0,0,0,0
198,170,13,60,1,0,0,0
15,23,136,556,0,0,0,0
342987,4034,6516,16845,0,0,1,0
65556711,129784,1415,8278,0,0,1,0
624991,875,8770,152754,0,0,1,0
560519,224,13,3589,0,0,1,0
14737,369,171,22738,0,0,1,0
66063403,36152,406,13869,0,0,1,0
135875,347,1164,6586,1,0,1,0
1711038,14,0,1209,0,0,1,0
44,366,1159,37,1,0,0,0
90,170,429,64,0,0,0,0
3437812,770,775,5211,0,0,1,0
340,440,3058,18570,0,0,0,0
231,735,1597,3067,0,0,0,0
316453,150,75,555,0,0,1,0
21081,236,1,10710,1,0,0,0
47,212,15,14,0,0,0,0
9213,598,79,868,0,0,0,0
303,1131,411,722,1,0,0,0
718,1216,948,1139,0,0,0,0
368,1193,185,589,0,0,0,0
4895,444,1021,5022,0,0,1,0
1729739,547,9037,5308,0,0,1,0
249256,412,94,795,0,0,1,0
3792,1564,1118,5927,0,0,0,0
7852416,16,147,2800,0,0,1,0
868976,453,507,767,0,0,1,0
142,1117,33,103,0,0,0,0
10,93,0,24,1,1,0,0
497,511,0,149,1,0,0,0
3380953,3867,1833,42027,0,0,1,0
92292262,302242,3416,30650,0,0,1,0
1017758,6985,12901,13786,0,0,1,0
9,97,0,1,1,0,0,0
2000567,457,901,55202,0,0,1,0
11,53,1,13,1,0,0,0
1599,922,212,11240,0,0,0,0
82,91,634,704,0,0,0,0
178,325,30,405,0,0,0,0
46,233,935,285,1,0,0,0
67,168,0,1851,0,0,0,0
147441,20889,43,7648,0,0,1,0
420699,108,11,5568,0,0,1,0
63866,21,40,70,0,0,1,0
1715,1342,3688,1395,0,0,0,0
5,67,0,2,0,0,0,0
122,88,325,1031,0,0,0,0
4025,487,18,6672,0,0,1,0
52,39,689,206,0,0,0,0
30,72,1,926,0,0,0,0
41776,1158,1264,1096,0,0,1,0
52,323,696,767,0,0,0,0
972032,3072,1423,22362,0,0,1,0
26,150,8,2,1,1,0,0
215,462,812,2384,0,0,0,0
64219,667,2901,85,0,0,1,0
310,0,3,3909,1,0,0,0
18998,2005,2503,3498,0,0,0,0
32,54,1,97,1,0,0,0
45044433,7451,24,9606,0,0,1,0
16,64,15,62,0,0,0,0
22490,308,43,1897,1,0,1,0